Order_id,Order_date,Customer_id,Product_id,Status,Quantity
1,2024/4/26,122,266,1,5
2,2024/2/8,85,271,1,2
3,2023/8/25,211,53,0,3
4,2022/10/1,240,61,1,1
5,2022/5/22,23,141,0,5
6,2022/12/14,35,218,0,3
7,2024/3/11,446,101,0,4
8,2022/8/20,199,19,1,4
9,2023/7/25,269,98,1,2
10,2024/1/1,78,245,1,4
11,2022/6/4,372,87,1,4
12,2023/2/12,159,87,1,2
13,2023/10/7,459,258,1,4
14,2023/4/10,146,90,1,3
15,2023/8/13,309,102,0,5
16,2022/8/2,13,285,1,3
17,2022/9/26,373,199,1,2
18,2024/4/18,219,31,1,1
19,2023/9/17,385,270,1,3
20,2022/12/30,18,257,1,4
21,2023/5/24,116,9,1,5
22,2023/2/5,234,187,1,4
23,2022/6/17,29,57,1,5
24,2024/2/23,301,226,1,1
25,2024/1/19,155,227,0,2
26,2024/4/3,73,87,0,5
27,2022/6/25,275,8,0,4
28,2023/2/13,480,134,1,4
29,2024/3/28,99,6,1,5
30,2023/5/28,290,156,0,1
31,2022/10/8,15,78,0,1
32,2024/2/22,423,136,0,1
33,2022/6/30,186,135,0,2
34,2022/7/17,301,292,0,4
35,2023/1/23,452,167,0,1
36,2023/5/24,77,56,0,1
37,2022/10/2,200,245,1,2
38,2023/6/8,460,82,1,4
39,2023/4/8,52,186,0,4
40,2023/9/10,68,7,0,4
41,2022/10/23,198,252,1,1
42,2024/4/19,236,263,1,3
43,2023/2/15,39,279,0,1
44,2023/8/18,131,221,1,5
45,2022/6/12,186,251,1,5
46,2023/6/29,397,227,1,5
47,2023/9/30,340,174,0,1
48,2022/6/17,309,212,1,3
49,2024/4/25,456,41,1,4
50,2023/9/3,411,102,1,1
51,2022/11/23,251,196,1,4
52,2023/11/12,365,129,1,4
53,2023/6/26,463,121,0,1
54,2022/12/21,343,255,1,1
55,2022/8/2,134,239,0,1
56,2024/3/4,391,111,0,1
57,2024/1/14,153,84,1,4
58,2023/3/11,461,243,0,3
59,2022/6/17,28,79,0,1
60,2023/12/3,257,128,0,4
61,2024/1/27,264,113,1,4
62,2023/9/20,192,282,0,5
63,2022/11/30,117,183,1,1
64,2023/6/14,170,156,1,3
65,2022/5/19,296,131,0,5
66,2023/1/16,11,175,0,4
67,2023/9/5,210,239,1,2
68,2023/11/7,328,132,0,5
69,2023/1/21,351,276,0,1
70,2022/9/29,473,171,0,3
71,2023/7/5,194,180,1,3
72,2023/12/24,235,105,1,4
73,2022/10/6,439,246,0,3
74,2023/10/22,146,30,0,4
75,2023/7/31,420,297,0,4
76,2023/10/20,32,88,0,3
77,2023/3/10,162,141,1,4
78,2022/7/18,148,117,0,5
79,2024/5/2,338,139,1,4
80,2023/12/11,24,256,1,3
81,2023/4/9,99,243,1,3
82,2023/4/25,276,84,0,3
83,2023/4/6,85,105,0,4
84,2023/12/10,199,272,0,3
85,2023/6/2,262,147,0,2
86,2022/5/14,150,229,0,4
87,2023/10/22,135,80,0,5
88,2023/5/23,57,109,0,4
89,2023/4/1,382,35,1,4
90,2023/11/3,211,225,1,1
91,2023/3/1,439,71,0,5
92,2022/9/27,276,166,1,1
93,2024/2/1,404,112,0,2
94,2023/9/10,240,207,0,1
95,2023/11/25,156,159,0,3
96,2024/2/15,454,232,1,2
97,2023/3/7,142,247,0,5
98,2023/10/30,112,147,1,3
99,2022/11/29,173,138,1,3
100,2023/4/26,158,117,0,1
101,2022/10/20,335,300,0,2
102,2022/12/17,151,147,1,5
103,2024/5/2,31,230,1,4
104,2023/4/15,283,122,0,4
105,2023/9/26,440,94,1,2
106,2024/1/17,382,257,1,3
107,2023/5/24,361,160,1,3
108,2022/8/2,459,177,0,1
109,2022/8/12,314,99,0,4
110,2024/2/11,62,139,1,3
111,2023/2/2,163,16,0,4
112,2022/11/13,406,88,1,1
113,2023/3/30,50,149,0,3
114,2022/6/19,419,71,0,2
115,2022/12/24,12,124,0,3
116,2022/6/6,387,299,0,3
117,2022/6/14,488,257,0,3
118,2024/1/6,433,154,0,2
119,2023/8/13,274,160,1,3
120,2022/10/29,440,216,1,1
121,2023/11/24,325,264,0,3
122,2022/5/27,124,209,1,3
123,2022/12/10,153,200,0,2
124,2023/1/21,235,109,0,4
125,2023/2/6,331,123,0,5
126,2023/4/22,247,30,0,2
127,2023/1/31,42,23,1,5
128,2022/11/11,189,191,0,1
129,2023/11/26,477,93,1,4
130,2022/7/13,209,103,0,3
131,2024/1/27,284,3,1,3
132,2023/12/21,91,189,0,3
133,2023/3/10,255,243,0,1
134,2023/1/24,158,186,1,5
135,2023/10/17,489,174,0,4
136,2022/10/27,68,248,0,2
137,2023/7/9,259,243,0,2
138,2023/10/2,258,194,0,1
139,2023/6/4,119,273,0,3
140,2022/5/27,169,96,0,2
141,2022/10/26,337,157,0,1
142,2022/7/16,232,16,0,5
143,2022/7/5,72,248,1,3
144,2023/7/26,195,212,0,3
145,2023/5/12,437,180,0,1
146,2024/1/4,73,122,1,1
147,2023/12/3,151,39,0,4
148,2022/11/29,272,79,1,4
149,2022/12/29,73,212,1,4
150,2022/6/15,204,163,1,4
151,2023/5/19,460,27,0,5
152,2024/3/26,43,78,0,3
153,2023/8/23,321,113,1,5
154,2024/2/15,169,283,0,2
155,2022/7/2,225,150,0,2
156,2022/12/12,295,96,0,5
157,2023/8/11,475,275,1,5
158,2023/5/19,181,259,0,5
159,2023/10/18,393,52,1,5
160,2022/11/16,25,208,0,2
161,2022/10/28,21,56,1,4
162,2022/12/12,384,57,0,4
163,2023/2/17,271,195,1,1
164,2023/9/29,36,79,0,2
165,2024/4/17,108,234,0,1
166,2022/12/15,394,134,1,2
167,2023/7/9,181,31,0,1
168,2023/5/6,119,74,1,2
169,2024/3/1,445,270,0,2
170,2022/6/24,279,271,1,1
171,2023/12/18,457,83,0,5
172,2023/7/22,429,259,1,5
173,2023/9/22,112,31,1,5
174,2022/7/15,351,236,1,3
175,2023/12/11,284,284,1,1
176,2023/8/7,50,76,1,5
177,2024/4/24,231,69,0,5
178,2022/8/20,322,49,0,3
179,2022/12/13,367,42,0,3
180,2024/5/1,35,237,0,4
181,2024/2/14,112,269,1,1
182,2023/4/12,147,77,1,4
183,2023/8/18,239,80,0,2
184,2022/6/10,264,141,1,5
185,2023/12/23,475,119,1,5
186,2024/1/30,89,97,0,1
187,2023/11/11,13,82,0,4
188,2023/7/15,132,168,0,5
189,2024/3/16,217,234,1,3
190,2023/11/16,437,148,0,3
191,2022/7/18,402,102,1,1
192,2023/2/10,334,269,1,5
193,2023/7/20,116,125,1,2
194,2022/11/1,199,41,0,5
195,2023/5/22,279,222,1,4
196,2022/5/25,78,241,1,5
197,2023/1/18,251,201,0,3
198,2022/11/1,491,126,1,5
199,2023/3/11,287,122,0,5
200,2022/5/31,370,128,0,2
201,2022/12/8,408,181,1,4
202,2023/7/4,137,163,0,5
203,2022/9/25,398,238,1,5
204,2023/11/22,228,66,0,5
205,2023/12/11,158,116,0,3
206,2024/3/6,109,46,1,1
207,2023/6/24,12,104,1,2
208,2022/7/10,486,278,1,2
209,2023/1/12,259,134,0,4
210,2023/1/13,117,235,0,3
211,2022/8/27,254,24,0,5
212,2022/12/4,190,38,0,1
213,2023/7/2,364,125,0,2
214,2023/5/5,377,285,0,4
215,2023/9/20,264,132,1,4
216,2024/3/3,42,207,0,5
217,2023/12/1,339,88,0,5
218,2023/5/8,55,218,1,5
219,2024/2/17,358,221,1,4
220,2023/10/28,36,140,0,4
221,2023/8/23,397,215,1,3
222,2024/3/29,437,171,1,5
223,2022/11/22,424,47,0,2
224,2023/1/22,291,214,0,5
225,2023/11/4,150,160,0,3
226,2022/6/25,199,100,0,1
227,2022/6/6,317,85,1,1
228,2023/4/29,8,277,1,3
229,2022/10/20,264,228,1,1
230,2023/7/24,7,143,0,4
231,2023/4/2,328,114,1,1
232,2023/12/31,159,119,1,3
233,2022/12/11,266,122,1,5
234,2024/1/12,386,142,1,3
235,2023/11/28,18,137,1,4
236,2022/7/22,117,268,1,2
237,2023/1/18,472,48,0,2
238,2023/6/27,421,87,0,3
239,2023/6/27,368,145,0,5
240,2023/11/20,448,116,0,2
241,2022/12/17,196,217,1,4
242,2023/5/22,126,63,0,4
243,2023/2/2,398,281,0,2
244,2023/12/15,233,106,0,2
245,2022/5/25,169,79,0,5
246,2022/11/1,169,50,1,4
247,2023/3/16,254,119,1,2
248,2023/12/26,101,130,1,1
249,2023/8/27,318,211,1,4
250,2023/1/17,448,210,0,3
251,2023/4/8,271,294,0,4
252,2023/11/26,364,129,1,5
253,2023/6/26,379,286,1,1
254,2022/5/29,15,139,0,4
255,2022/11/18,69,120,0,4
256,2022/7/19,427,289,1,5
257,2022/5/28,353,163,1,4
258,2024/2/8,443,136,1,1
259,2023/10/19,216,59,1,2
260,2023/3/19,225,93,0,1
261,2023/1/5,262,166,0,1
262,2024/3/13,18,23,1,4
263,2022/9/27,275,272,0,5
264,2023/9/12,301,235,1,4
265,2023/10/16,94,213,1,2
266,2022/7/14,475,257,0,4
267,2022/12/4,9,248,1,2
268,2023/10/2,491,277,1,2
269,2024/4/11,50,203,0,1
270,2023/7/10,472,157,0,2
271,2023/11/22,198,124,0,4
272,2024/2/13,319,14,1,4
273,2024/4/28,295,25,1,5
274,2023/11/8,203,101,0,2
275,2023/5/27,170,211,1,2
276,2023/8/30,80,118,0,4
277,2024/3/19,320,277,1,1
278,2023/6/24,492,176,0,1
279,2023/4/6,191,196,0,4
280,2023/9/17,360,134,1,4
281,2024/2/20,217,111,1,5
282,2023/6/15,370,272,1,3
283,2022/5/15,31,242,1,1
284,2022/10/3,75,283,0,1
285,2023/12/3,281,188,1,5
286,2024/1/13,114,52,0,5
287,2022/11/30,19,290,1,2
288,2022/10/1,129,136,0,2
289,2023/5/12,279,17,1,4
290,2024/1/26,331,227,0,4
291,2022/12/19,39,271,1,5
292,2023/11/5,43,251,1,1
293,2024/2/5,163,242,0,4
294,2022/11/10,322,275,0,2
295,2022/9/30,37,69,1,5
296,2022/9/10,70,25,0,3
297,2024/4/20,138,228,1,1
298,2023/8/16,492,194,1,5
299,2024/3/1,181,53,1,2
300,2024/5/9,253,293,0,5
301,2022/9/4,177,15,1,3
302,2022/12/5,389,90,0,3
303,2024/2/17,90,65,0,2
304,2024/3/7,384,262,0,2
305,2023/5/29,320,139,1,5
306,2023/10/29,85,290,0,4
307,2023/12/5,441,79,0,3
308,2022/9/19,33,67,0,4
309,2023/12/12,105,166,1,2
310,2023/5/3,124,281,1,2
311,2024/1/18,172,190,1,5
312,2022/9/3,35,46,0,3
313,2022/10/24,366,204,1,4
314,2024/3/31,292,224,1,2
315,2023/9/18,171,160,1,5
316,2023/9/8,329,37,0,2
317,2023/5/29,111,231,0,4
318,2023/8/1,459,65,1,2
319,2022/11/18,89,135,0,3
320,2023/3/17,45,24,1,4
321,2022/9/25,171,220,0,3
322,2024/2/7,30,218,1,4
323,2023/1/17,202,182,0,1
324,2023/4/1,389,280,0,1
325,2022/12/14,442,101,1,2
326,2024/3/3,104,295,0,3
327,2023/5/15,335,156,0,4
328,2022/9/17,58,178,1,1
329,2023/12/18,24,65,0,4
330,2023/8/26,248,233,0,5
331,2023/10/17,295,297,0,3
332,2022/11/20,265,15,0,4
333,2022/5/28,497,118,0,1
334,2022/7/20,455,50,1,3
335,2023/8/25,363,239,0,2
336,2022/8/17,21,296,1,1
337,2023/1/27,393,32,0,3
338,2023/5/28,139,138,0,5
339,2023/11/28,177,206,0,2
340,2024/3/4,292,219,0,5
341,2024/4/30,137,242,1,1
342,2024/1/11,478,61,1,3
343,2023/7/1,336,194,0,5
344,2023/11/2,448,247,0,5
345,2023/10/22,112,186,1,2
346,2022/5/21,305,84,1,2
347,2023/8/23,303,23,1,2
348,2022/5/19,500,292,1,3
349,2024/4/26,57,10,1,4
350,2022/9/5,456,71,0,2
351,2022/8/13,61,217,1,1
352,2023/8/22,118,185,1,3
353,2022/10/9,10,15,0,5
354,2023/12/15,277,238,0,2
355,2022/9/19,398,21,0,3
356,2024/4/24,57,68,0,5
357,2022/10/21,176,88,0,2
358,2024/2/19,336,224,1,1
359,2023/3/24,343,266,1,1
360,2023/10/20,174,42,1,3
361,2023/1/12,223,21,0,3
362,2023/3/29,290,267,0,4
363,2023/5/20,331,28,0,4
364,2023/2/18,316,56,1,2
365,2022/6/10,371,290,1,4
366,2022/10/22,211,276,1,3
367,2023/4/20,454,286,0,4
368,2023/12/22,488,247,1,3
369,2023/10/13,406,87,1,2
370,2022/6/14,467,69,1,4
371,2024/4/13,480,168,1,1
372,2024/2/19,224,173,0,1
373,2023/5/16,397,222,1,1
374,2024/2/27,71,211,0,4
375,2024/4/16,289,189,0,2
376,2023/4/3,72,241,0,2
377,2023/1/4,199,278,0,5
378,2022/8/6,218,201,0,4
379,2024/4/29,111,242,1,4
380,2022/10/6,129,46,0,5
381,2023/1/22,458,91,1,5
382,2022/8/16,154,285,0,5
383,2023/5/9,409,23,1,1
384,2022/10/12,127,296,0,1
385,2023/7/5,397,241,1,3
386,2022/11/26,316,25,1,3
387,2022/7/20,175,89,0,1
388,2023/2/10,291,205,1,2
389,2022/5/13,69,1,0,2
390,2023/8/14,442,223,1,2
391,2024/1/7,449,47,0,4
392,2024/1/30,311,258,0,1
393,2022/12/14,318,191,1,4
394,2023/5/25,278,68,0,5
395,2022/12/11,268,269,1,1
396,2024/2/26,136,59,1,5
397,2022/5/15,406,182,1,4
398,2024/1/7,412,73,0,5
399,2022/11/1,178,286,0,4
400,2023/12/3,47,4,0,3
401,2023/7/13,4,241,1,1
402,2024/2/29,189,125,0,1
403,2022/8/3,358,121,0,3
404,2022/11/30,425,262,1,3
405,2023/1/15,223,123,0,4
406,2024/1/1,286,143,0,3
407,2023/12/29,468,125,0,1
408,2023/3/20,441,16,0,4
409,2022/5/27,90,224,0,2
410,2022/8/25,293,87,1,2
411,2023/11/13,320,103,1,1
412,2023/11/30,291,187,0,2
413,2022/7/29,468,88,1,2
414,2023/7/9,394,50,0,4
415,2023/4/22,37,132,1,1
416,2022/12/16,20,227,0,1
417,2023/4/20,189,207,0,4
418,2024/3/30,273,4,0,2
419,2023/1/19,379,218,1,1
420,2024/1/25,372,60,0,5
421,2023/9/28,295,195,1,2
422,2022/9/6,271,250,0,5
423,2023/12/3,307,195,1,4
424,2022/10/18,26,73,1,4
425,2022/12/6,170,97,0,3
426,2022/10/25,293,218,1,3
427,2023/9/28,320,30,0,4
428,2024/2/17,81,80,0,5
429,2022/8/21,197,21,0,3
430,2023/12/10,258,20,1,2
431,2023/8/21,264,228,1,3
432,2023/2/19,423,99,0,5
433,2023/2/1,328,136,0,2
434,2023/12/28,292,207,0,5
435,2023/7/12,117,300,1,5
436,2023/12/22,393,102,1,3
437,2024/3/14,223,44,1,5
438,2023/12/3,146,16,1,1
439,2022/6/6,300,61,0,1
440,2023/8/18,83,105,1,5
441,2022/6/22,435,149,0,4
442,2023/10/12,105,103,0,2
443,2022/10/28,413,92,0,1
444,2022/11/22,131,131,0,5
445,2023/9/23,222,38,0,2
446,2023/9/18,236,78,1,3
447,2024/4/24,456,177,0,2
448,2022/5/26,372,196,0,3
449,2024/1/12,105,254,0,2
450,2024/4/12,394,250,0,3
451,2023/1/10,138,273,1,4
452,2023/11/1,245,275,1,4
453,2024/2/12,251,262,1,4
454,2023/1/2,128,95,1,3
455,2024/5/9,136,274,0,4
456,2024/4/24,452,200,0,2
457,2024/5/2,485,19,1,2
458,2024/3/24,41,208,0,2
459,2022/12/6,315,227,1,2
460,2023/7/26,32,177,1,3
461,2022/12/25,189,242,0,2
462,2023/1/4,321,174,1,1
463,2023/11/22,397,207,0,5
464,2023/2/13,396,171,0,1
465,2024/2/5,499,6,0,1
466,2023/5/20,474,276,1,1
467,2023/5/24,63,130,0,4
468,2022/6/5,299,278,0,4
469,2023/6/4,330,112,0,1
470,2024/4/24,266,216,0,5
471,2023/5/11,140,253,0,2
472,2023/4/22,270,282,0,2
473,2024/1/14,495,173,1,1
474,2024/4/27,5,110,0,4
475,2023/9/26,421,219,0,4
476,2023/7/12,216,85,0,2
477,2023/8/18,306,99,1,5
478,2023/4/28,304,119,0,4
479,2024/2/3,44,180,1,5
480,2023/1/25,426,267,1,1
481,2023/5/16,190,95,0,1
482,2024/3/27,4,122,0,1
483,2023/7/16,389,289,0,1
484,2024/1/22,106,157,0,1
485,2023/8/1,304,276,0,5
486,2024/3/12,185,99,0,2
487,2024/4/4,286,29,0,2
488,2022/6/30,152,56,0,3
489,2023/8/5,281,175,1,1
490,2024/3/28,21,157,1,3
491,2023/4/19,230,215,1,1
492,2022/10/15,184,186,1,4
493,2023/4/20,206,178,1,5
494,2023/6/9,64,41,1,4
495,2022/12/12,254,229,0,3
496,2023/9/26,197,272,1,5
497,2023/12/23,2,166,1,2
498,2023/5/6,357,195,0,5
499,2022/11/19,452,142,1,4
500,2023/9/23,198,271,1,4
501,2022/9/21,48,43,0,1
502,2022/6/4,181,28,0,5
503,2023/10/8,374,155,0,3
504,2024/1/29,75,162,0,2
505,2023/6/15,198,241,0,3
506,2022/9/22,246,79,1,1
507,2022/8/13,469,278,1,4
508,2024/2/22,80,298,0,3
509,2022/10/8,65,204,1,2
510,2023/8/27,154,51,1,3
511,2023/12/17,300,252,0,4
512,2024/1/9,261,98,0,2
513,2023/7/14,371,220,0,3
514,2022/11/11,44,275,1,4
515,2022/7/19,358,110,1,5
516,2023/8/12,239,113,0,5
517,2023/12/24,440,148,1,2
518,2023/11/14,244,207,1,4
519,2024/1/9,494,99,0,2
520,2024/3/13,434,119,0,3
521,2023/12/24,249,158,1,5
522,2022/10/17,186,47,0,2
523,2023/8/13,397,256,0,2
524,2023/11/8,155,104,1,4
525,2022/11/22,77,163,0,4
526,2024/2/22,306,35,1,2
527,2023/12/10,457,12,1,4
528,2022/6/28,79,192,1,4
529,2022/7/6,30,247,1,4
530,2024/2/11,50,287,1,5
531,2024/3/30,499,205,0,1
532,2024/4/17,127,2,0,4
533,2024/3/29,434,225,1,2
534,2023/8/3,232,12,0,1
535,2023/3/11,295,153,1,4
536,2022/5/18,184,90,0,5
537,2022/11/14,327,300,0,4
538,2023/11/26,452,105,0,5
539,2024/5/2,232,227,1,3
540,2024/5/10,298,77,1,3
541,2023/11/9,496,183,0,2
542,2023/11/15,66,91,1,3
543,2023/1/7,28,89,1,1
544,2023/10/9,233,294,1,2
545,2022/11/28,274,230,0,5
546,2022/12/26,436,20,0,2
547,2024/1/9,300,58,0,4
548,2022/6/8,499,285,1,3
549,2022/8/21,150,229,0,4
550,2022/9/29,434,254,0,4
551,2023/11/3,2,293,1,5
552,2023/6/22,377,152,1,1
553,2023/7/12,442,290,0,4
554,2024/4/9,315,3,1,4
555,2022/12/9,309,202,1,3
556,2024/4/1,337,285,0,1
557,2023/1/29,246,113,1,2
558,2023/12/12,71,174,1,5
559,2023/4/15,98,235,0,5
560,2022/8/12,229,20,1,3
561,2022/7/31,174,7,0,5
562,2024/5/3,80,220,1,4
563,2022/8/23,258,124,1,4
564,2022/6/5,190,13,1,3
565,2023/6/24,364,259,1,2
566,2023/7/23,74,265,1,4
567,2022/7/12,449,46,0,4
568,2024/3/4,11,118,0,2
569,2023/6/12,488,273,0,5
570,2024/4/28,464,242,1,4
571,2023/8/17,433,36,1,2
572,2023/4/11,249,288,1,3
573,2022/11/22,97,105,1,2
574,2024/4/2,436,180,1,3
575,2023/10/8,229,104,0,3
576,2022/11/9,259,116,1,2
577,2022/9/16,223,75,1,3
578,2024/1/17,62,202,0,4
579,2023/11/1,478,240,1,3
580,2023/11/12,340,22,0,2
581,2022/7/21,430,108,1,4
582,2024/2/15,444,44,1,5
583,2022/7/16,86,206,0,3
584,2023/10/10,364,222,0,3
585,2023/5/23,131,102,0,4
586,2022/6/3,72,3,0,1
587,2023/11/7,198,122,0,1
588,2022/9/13,134,63,0,2
589,2023/5/7,229,222,0,5
590,2023/5/30,409,283,1,2
591,2023/12/12,101,187,1,4
592,2022/6/28,494,247,1,2
593,2023/9/14,295,40,0,3
594,2022/5/20,55,95,1,3
595,2024/1/1,26,92,1,3
596,2022/11/21,309,282,0,4
597,2023/11/23,59,15,0,1
598,2024/4/3,34,102,1,1
599,2023/9/30,232,296,0,3
600,2023/11/20,161,220,1,4
601,2022/11/3,338,132,0,5
602,2023/4/9,130,130,0,1
603,2022/8/28,301,220,1,1
604,2022/11/18,363,176,1,3
605,2023/5/16,232,75,0,1
606,2023/4/10,151,22,0,4
607,2022/7/20,218,295,0,2
608,2023/3/2,75,248,0,4
609,2023/7/16,378,291,0,3
610,2024/2/8,46,151,0,4
611,2024/4/25,53,99,0,4
612,2023/3/17,403,203,0,3
613,2022/11/6,81,176,0,5
614,2024/2/18,343,215,1,1
615,2022/6/14,143,238,0,1
616,2022/5/31,160,216,1,2
617,2022/11/14,111,168,0,5
618,2023/9/22,385,80,0,4
619,2023/4/20,230,126,1,3
620,2024/2/2,298,128,1,3
621,2023/7/9,327,24,1,5
622,2023/3/23,189,285,0,4
623,2024/1/15,113,273,1,3
624,2023/12/28,32,213,0,2
625,2023/5/17,330,108,1,4
626,2022/5/20,304,93,0,2
627,2022/9/10,395,180,0,2
628,2023/7/23,198,241,1,2
629,2023/12/23,18,65,0,1
630,2023/3/12,436,44,0,3
631,2023/5/30,84,63,1,5
632,2023/8/1,467,299,1,2
633,2023/6/20,241,4,0,3
634,2024/4/6,234,282,1,2
635,2024/1/28,140,280,0,1
636,2023/8/11,188,275,0,3
637,2023/7/18,482,140,1,5
638,2022/6/23,150,24,1,3
639,2023/11/3,400,289,0,1
640,2024/2/13,328,109,1,1
641,2022/12/8,437,53,0,5
642,2024/2/13,457,284,0,3
643,2023/1/3,345,71,1,2
644,2023/3/18,306,243,1,1
645,2022/10/16,187,53,0,4
646,2022/6/8,356,274,1,2
647,2024/4/30,374,182,0,2
648,2023/1/20,117,176,1,4
649,2022/5/28,86,80,0,1
650,2023/8/1,342,95,1,4
651,2023/9/7,180,136,0,2
652,2023/5/1,213,202,1,4
653,2022/7/13,410,64,0,5
654,2022/9/17,463,137,0,5
655,2023/11/25,282,263,0,5
656,2023/1/3,284,47,1,2
657,2023/8/23,330,109,0,1
658,2024/5/2,111,74,1,1
659,2022/12/31,357,241,1,5
660,2023/8/2,255,130,1,5
661,2024/1/6,311,53,0,5
662,2024/4/18,59,106,1,2
663,2024/4/10,301,193,0,3
664,2023/7/29,81,234,0,1
665,2022/10/12,86,231,0,2
666,2023/8/24,111,11,0,1
667,2023/7/31,155,19,1,2
668,2023/8/2,191,198,1,3
669,2022/6/5,96,91,1,5
670,2022/7/21,419,206,1,4
671,2023/2/26,208,141,0,4
672,2024/1/31,226,10,1,4
673,2023/5/6,455,47,0,1
674,2023/12/16,251,240,0,3
675,2024/1/8,425,83,1,4
676,2023/7/29,267,86,0,5
677,2023/7/23,103,245,1,5
678,2023/7/3,408,146,0,2
679,2023/8/15,250,161,0,2
680,2024/3/26,61,262,1,2
681,2022/5/19,139,77,0,5
682,2023/5/8,242,260,0,4
683,2023/3/6,44,40,1,2
684,2023/7/4,436,135,0,2
685,2023/5/5,426,217,1,5
686,2023/8/21,480,223,0,2
687,2022/11/4,154,222,1,3
688,2022/9/8,48,43,1,4
689,2023/10/1,396,237,0,5
690,2023/9/21,421,23,1,1
691,2023/10/7,398,46,1,4
692,2023/2/17,385,228,1,2
693,2023/10/25,269,104,0,4
694,2024/2/20,187,192,0,1
695,2023/1/6,161,41,0,1
696,2023/7/7,150,254,0,2
697,2024/1/23,257,272,0,4
698,2022/6/3,56,19,1,2
699,2022/7/15,335,241,0,5
700,2023/5/6,144,229,1,2
701,2023/2/4,397,120,0,1
702,2023/12/19,112,96,1,1
703,2023/12/31,122,300,1,3
704,2023/7/7,112,77,1,1
705,2023/4/22,258,80,0,1
706,2023/5/27,435,141,1,2
707,2022/12/30,469,209,1,2
708,2023/12/21,199,124,0,3
709,2022/5/22,193,273,0,4
710,2023/2/23,464,276,1,3
711,2023/9/26,172,289,0,1
712,2024/3/15,27,255,1,1
713,2022/5/27,389,231,1,4
714,2023/12/31,498,12,1,5
715,2023/3/3,165,176,1,2
716,2022/12/2,62,218,1,4
717,2022/10/5,47,169,0,2
718,2024/4/18,254,153,0,2
719,2023/11/22,395,238,1,2
720,2022/8/25,360,256,0,3
721,2024/1/19,499,34,0,5
722,2023/7/30,228,255,1,5
723,2022/12/6,491,250,1,4
724,2023/8/27,2,231,1,2
725,2024/1/20,198,162,1,4
726,2022/5/28,235,115,0,4
727,2023/8/31,128,177,1,4
728,2023/6/10,487,110,1,1
729,2023/10/6,413,91,1,4
730,2023/4/21,413,247,1,3
731,2023/4/17,17,111,1,3
732,2024/1/4,48,199,1,1
733,2022/9/13,99,132,1,5
734,2022/11/19,115,242,0,4
735,2022/7/18,244,196,0,2
736,2024/2/21,321,19,1,4
737,2023/10/27,258,54,1,2
738,2023/1/31,181,6,1,2
739,2022/9/21,144,253,1,3
740,2022/7/12,427,121,1,5
741,2023/11/7,212,226,0,4
742,2022/7/12,431,141,1,3
743,2022/8/27,60,282,0,5
744,2023/11/27,49,226,0,5
745,2023/11/3,294,203,1,5
746,2022/11/28,238,221,1,1
747,2023/3/12,494,82,1,4
748,2023/5/14,250,229,0,2
749,2023/1/28,150,271,0,1
750,2022/7/3,19,60,0,1
751,2022/10/22,402,252,1,4
752,2023/5/6,324,167,1,1
753,2023/1/5,135,263,1,3
754,2024/1/14,304,204,0,5
755,2023/3/27,442,295,0,1
756,2023/11/28,428,97,1,5
757,2022/12/7,424,294,1,1
758,2022/9/15,444,166,1,4
759,2023/4/15,159,112,1,3
760,2024/5/10,427,233,0,1
761,2023/12/9,351,89,0,2
762,2023/11/1,33,101,0,5
763,2023/12/7,199,84,1,4
764,2022/9/2,480,247,1,3
765,2023/11/24,131,111,0,5
766,2022/11/20,218,277,1,3
767,2023/6/25,463,19,0,1
768,2023/11/26,126,103,0,4
769,2023/2/26,227,209,0,2
770,2022/6/5,260,159,1,5
771,2023/12/23,143,25,0,5
772,2024/4/16,426,298,1,1
773,2022/7/19,218,81,1,3
774,2022/9/8,329,37,1,1
775,2023/10/18,451,161,0,5
776,2022/5/27,120,222,1,2
777,2023/5/28,220,187,0,4
778,2023/10/14,208,53,0,3
779,2023/2/27,404,185,1,1
780,2022/7/22,338,31,1,5
781,2022/5/28,322,15,1,3
782,2023/12/15,447,199,1,1
783,2022/11/23,469,33,1,1
784,2023/10/27,245,224,1,5
785,2024/2/6,297,288,0,3
786,2023/1/3,323,75,0,3
787,2022/7/12,354,79,1,5
788,2022/6/17,292,134,1,2
789,2022/7/20,283,55,1,1
790,2022/11/12,427,38,0,1
791,2022/11/5,95,38,0,2
792,2023/11/23,136,51,1,3
793,2022/8/23,326,255,0,5
794,2023/9/22,91,212,0,4
795,2023/11/10,163,64,0,2
796,2023/12/19,453,300,0,2
797,2022/7/20,188,52,1,2
798,2023/12/13,110,176,0,1
799,2023/7/28,304,230,0,4
800,2023/7/11,434,181,1,3
801,2023/7/30,194,115,1,5
802,2023/1/6,52,38,0,3
803,2023/1/30,336,18,0,4
804,2022/5/15,308,28,0,1
805,2022/7/16,242,171,0,1
806,2023/6/11,413,21,1,4
807,2024/3/19,491,74,1,2
808,2022/7/29,81,128,0,1
809,2024/1/27,358,243,1,1
810,2023/2/9,68,159,1,1
811,2024/1/21,9,13,0,3
812,2022/9/17,178,138,0,4
813,2023/5/19,90,261,0,2
814,2022/6/11,381,95,0,4
815,2023/12/16,197,46,1,5
816,2023/3/21,325,81,1,1
817,2022/8/6,13,280,0,2
818,2023/3/8,406,35,0,5
819,2022/12/12,72,296,0,5
820,2023/6/1,288,235,0,1
821,2023/5/29,496,195,1,5
822,2023/1/27,4,292,0,3
823,2024/4/24,228,279,1,5
824,2022/10/4,66,35,0,3
825,2023/2/7,190,48,1,4
826,2022/5/17,179,257,1,3
827,2024/4/5,98,70,1,4
828,2024/5/4,272,22,0,4
829,2023/3/21,96,49,1,1
830,2023/2/10,214,300,1,3
831,2024/2/1,185,289,1,1
832,2022/8/26,479,298,1,2
833,2023/6/10,285,263,0,5
834,2023/3/10,163,64,1,3
835,2024/4/7,468,259,0,4
836,2024/3/20,353,86,0,5
837,2023/9/27,373,85,1,1
838,2023/8/27,22,41,1,5
839,2022/10/29,438,29,1,1
840,2022/9/4,244,282,0,4
841,2023/2/16,261,209,0,2
842,2022/11/8,145,162,0,2
843,2023/1/14,201,10,1,4
844,2022/10/31,187,57,0,5
845,2022/9/4,346,117,0,1
846,2022/7/6,118,19,0,3
847,2023/7/16,321,70,1,2
848,2022/5/19,364,146,1,4
849,2024/1/28,160,75,0,3
850,2023/11/23,458,68,0,2
851,2024/5/9,462,283,1,5
852,2024/2/13,172,243,0,5
853,2024/2/24,463,191,1,2
854,2022/8/17,200,293,1,5
855,2023/4/27,246,288,0,2
856,2022/12/13,494,147,1,3
857,2022/9/21,45,116,1,3
858,2022/10/27,263,300,0,3
859,2023/1/8,373,99,0,1
860,2022/8/20,47,126,1,5
861,2022/5/29,122,133,1,1
862,2023/10/7,363,60,0,4
863,2022/6/5,163,145,1,1
864,2024/4/7,184,129,0,5
865,2023/9/24,17,158,0,2
866,2022/8/9,362,238,1,2
867,2023/2/24,394,206,0,4
868,2023/6/23,111,174,0,5
869,2024/1/14,339,25,1,4
870,2023/11/10,89,38,0,5
871,2022/5/19,10,163,1,2
872,2023/7/7,260,25,1,3
873,2023/6/27,381,204,1,2
874,2023/4/25,345,135,0,1
875,2022/7/28,373,263,0,2
876,2024/1/6,230,119,1,3
877,2023/5/8,354,264,1,2
878,2022/10/12,495,83,1,5
879,2023/7/5,299,226,1,5
880,2023/10/20,457,174,0,3
881,2023/7/7,387,72,0,3
882,2023/10/16,478,171,1,1
883,2023/11/29,138,246,1,4
884,2024/4/4,26,132,1,3
885,2023/6/14,82,125,1,5
886,2024/3/30,120,79,0,1
887,2022/12/24,195,207,1,2
888,2024/3/6,13,37,1,2
889,2023/5/26,81,263,1,3
890,2023/10/11,211,263,0,2
891,2023/12/25,227,80,1,2
892,2024/1/3,235,11,0,5
893,2023/10/31,182,13,0,2
894,2024/1/22,440,79,0,5
895,2024/4/15,6,179,1,5
896,2023/11/17,180,107,1,1
897,2023/4/14,493,121,0,2
898,2023/7/26,152,43,0,1
899,2022/9/21,462,275,1,3
900,2024/4/6,150,117,0,3
901,2023/4/6,161,270,0,2
902,2023/10/5,351,140,0,3
903,2023/1/9,168,168,1,4
904,2023/8/8,237,206,0,4
905,2023/4/15,72,120,0,2
906,2023/8/22,201,80,1,3
907,2023/9/12,408,95,0,5
908,2023/11/26,254,176,1,3
909,2022/7/26,352,60,1,4
910,2023/10/22,364,142,1,5
911,2023/10/18,27,126,0,5
912,2022/11/21,132,14,0,5
913,2024/2/14,289,153,0,2
914,2022/12/4,311,158,1,1
915,2022/9/3,144,131,0,3
916,2022/11/29,354,149,1,1
917,2022/12/18,234,246,1,4
918,2024/4/30,299,160,0,5
919,2022/7/19,27,278,1,4
920,2023/3/1,495,230,0,4
921,2023/6/29,30,277,0,5
922,2023/10/23,278,105,1,3
923,2023/7/12,433,192,0,3
924,2023/1/30,209,263,1,4
925,2022/6/28,221,139,1,4
926,2022/12/14,117,134,0,4
927,2022/8/6,399,65,1,5
928,2023/11/7,426,115,1,4
929,2023/7/10,25,15,0,2
930,2023/9/17,36,144,0,4
931,2023/7/27,448,174,1,4
932,2023/9/24,273,230,0,4
933,2023/11/25,362,203,0,2
934,2023/9/24,293,159,0,4
935,2022/6/14,138,97,0,2
936,2022/12/4,107,84,0,3
937,2023/10/25,492,63,1,4
938,2024/2/18,479,57,0,4
939,2023/12/6,191,254,0,4
940,2023/8/4,338,135,0,5
941,2022/8/2,187,101,1,1
942,2023/11/5,313,145,1,2
943,2023/1/22,237,36,1,3
944,2022/8/7,475,35,1,1
945,2023/11/8,421,171,1,3
946,2024/2/21,128,10,1,3
947,2023/2/12,421,100,0,5
948,2023/4/25,232,19,0,5
949,2024/5/7,344,276,0,3
950,2023/12/28,497,155,0,2
951,2023/11/2,271,231,1,1
952,2022/7/18,71,290,0,4
953,2024/4/14,86,20,0,3
954,2023/1/30,120,184,0,4
955,2023/5/2,43,220,0,4
956,2024/4/20,479,162,1,2
957,2023/2/9,99,140,0,5
958,2024/4/17,107,23,1,1
959,2023/12/20,182,59,0,5
960,2022/6/7,349,294,0,2
961,2022/6/18,207,266,1,5
962,2022/12/26,230,83,0,5
963,2022/10/17,324,138,0,5
964,2023/10/9,449,287,0,2
965,2024/2/11,364,61,0,1
966,2023/4/14,331,55,0,2
967,2023/8/31,8,56,0,2
968,2022/6/17,209,154,0,5
969,2023/8/30,160,247,1,2
970,2022/8/30,470,1,1,3
971,2022/11/12,491,97,1,5
972,2022/8/18,390,53,1,2
973,2023/7/27,178,8,1,4
974,2022/8/18,6,151,1,1
975,2023/7/5,107,56,0,4
976,2022/8/14,225,236,1,4
977,2022/8/11,49,167,0,3
978,2023/9/16,378,230,0,3
979,2023/1/4,240,80,0,3
980,2022/12/19,369,49,1,4
981,2022/9/10,290,186,1,1
982,2023/1/3,241,245,0,5
983,2023/4/11,164,225,1,3
984,2023/6/17,56,87,0,2
985,2023/5/10,37,177,1,2
986,2023/1/14,163,82,1,1
987,2023/3/1,175,24,1,2
988,2023/12/19,166,291,1,5
989,2023/10/2,432,221,1,5
990,2023/12/5,251,73,0,5
991,2024/4/25,97,156,0,2
992,2023/9/13,263,271,0,1
993,2023/5/17,361,160,0,3
994,2023/2/9,302,287,1,3
995,2023/3/12,384,174,1,2
996,2023/3/11,416,54,1,1
997,2023/3/18,214,261,0,3
998,2022/10/18,493,70,1,1
999,2023/5/21,443,224,1,2
1000,2022/12/20,68,25,1,2
1001,2023/8/5,165,219,1,5
1002,2023/6/24,1,144,1,5
1003,2022/11/30,250,93,0,4
1004,2022/10/6,282,33,1,3
1005,2022/10/1,79,196,0,2
1006,2023/10/5,499,209,1,3
1007,2024/1/23,207,191,1,2
1008,2023/8/6,276,223,1,5
1009,2023/9/29,243,293,0,2
1010,2023/8/10,258,211,1,3
1011,2023/2/28,122,22,1,5
1012,2024/2/25,76,250,0,2
1013,2022/7/30,250,240,1,1
1014,2024/2/5,226,164,0,1
1015,2022/12/6,348,252,1,1
1016,2023/9/29,400,116,0,4
1017,2023/6/27,193,220,1,3
1018,2023/2/5,383,136,0,1
1019,2023/6/4,468,266,1,3
1020,2023/6/12,327,66,0,4
1021,2022/12/2,89,190,1,3
1022,2023/10/17,141,131,0,5
1023,2023/2/27,66,9,1,1
1024,2023/2/14,350,84,0,2
1025,2023/12/22,262,69,0,1
1026,2022/11/10,8,44,1,3
1027,2022/8/15,481,218,1,5
1028,2022/6/2,135,129,1,4
1029,2023/3/18,263,182,1,5
1030,2024/1/2,443,5,1,5
1031,2023/5/6,207,295,0,1
1032,2023/12/10,329,56,0,4
1033,2023/7/31,456,18,1,4
1034,2023/6/19,65,71,1,4
1035,2024/4/3,433,242,0,5
1036,2023/1/19,113,260,0,4
1037,2023/9/10,140,152,0,4
1038,2024/4/21,299,37,1,5
1039,2022/9/3,234,296,0,5
1040,2023/1/13,21,172,0,3
1041,2023/8/12,201,76,1,4
1042,2023/10/13,174,48,1,4
1043,2022/7/7,27,144,0,3
1044,2022/9/28,49,249,0,5
1045,2022/11/28,244,97,1,5
1046,2022/9/7,376,130,1,4
1047,2023/11/5,17,206,0,5
1048,2023/2/7,151,285,1,3
1049,2024/2/24,498,53,0,2
1050,2023/5/26,15,187,0,4
1051,2022/7/13,181,255,0,5
1052,2023/12/28,164,248,1,3
1053,2023/3/4,315,201,0,1
1054,2022/7/13,213,19,1,4
1055,2023/4/30,477,242,1,1
1056,2024/4/25,309,37,0,5
1057,2023/1/4,368,191,0,5
1058,2023/1/19,432,285,0,4
1059,2023/4/18,197,214,1,1
1060,2023/3/31,339,243,1,5
1061,2022/12/29,1,76,1,5
1062,2023/10/13,102,62,0,4
1063,2023/4/21,34,12,1,1
1064,2022/7/18,267,67,1,5
1065,2024/1/28,139,37,0,2
1066,2023/5/25,152,2,1,2
1067,2023/3/21,356,166,1,3
1068,2022/9/17,20,236,1,3
1069,2023/9/6,344,161,0,4
1070,2022/10/16,329,33,1,5
1071,2024/1/10,229,261,1,5
1072,2023/9/18,183,57,0,4
1073,2024/4/26,134,77,0,5
1074,2022/9/14,223,84,1,5
1075,2023/7/2,151,12,0,4
1076,2023/12/21,496,50,0,1
1077,2022/8/13,131,270,0,1
1078,2023/7/7,424,110,1,5
1079,2024/2/23,267,159,1,1
1080,2023/7/29,391,115,0,4
1081,2023/6/26,272,103,0,3
1082,2023/9/11,275,15,0,1
1083,2022/12/3,90,36,0,1
1084,2023/1/15,94,22,0,3
1085,2024/4/1,115,220,0,5
1086,2024/3/3,142,294,0,1
1087,2022/9/26,71,81,1,1
1088,2024/1/12,201,105,1,5
1089,2022/6/2,24,290,0,5
1090,2022/11/14,429,15,1,5
1091,2022/7/2,478,37,0,4
1092,2024/4/9,469,273,1,4
1093,2023/2/22,156,89,1,1
1094,2023/6/22,261,33,0,3
1095,2023/8/1,135,65,1,2
1096,2022/12/23,408,189,1,3
1097,2024/4/14,134,238,0,2
1098,2023/6/12,16,81,1,3
1099,2023/9/13,273,210,0,1
1100,2022/7/8,471,94,0,3
1101,2022/9/12,297,238,0,4
1102,2024/2/27,70,280,1,2
1103,2024/1/4,245,61,0,1
1104,2022/5/30,2,181,0,3
1105,2022/9/19,265,16,1,5
1106,2023/9/23,225,82,1,3
1107,2023/9/20,408,280,0,3
1108,2022/9/25,243,62,0,3
1109,2023/8/16,87,298,1,1
1110,2023/11/4,409,217,0,3
1111,2023/2/28,17,130,1,5
1112,2023/11/25,4,276,0,5
1113,2022/11/8,360,223,0,4
1114,2022/10/27,492,202,1,1
1115,2023/10/10,19,65,0,4
1116,2022/9/9,386,234,1,1
1117,2022/5/24,223,241,0,1
1118,2022/6/14,275,97,0,4
1119,2023/6/9,69,138,0,3
1120,2024/1/31,258,135,1,4
1121,2023/9/25,447,207,1,4
1122,2022/6/16,120,207,1,3
1123,2023/6/20,236,44,0,2
1124,2022/12/11,28,242,1,3
1125,2023/7/23,280,59,0,4
1126,2023/5/29,237,226,1,3
1127,2023/3/21,33,261,1,3
1128,2023/2/13,448,295,1,2
1129,2022/10/2,410,183,0,3
1130,2022/11/20,142,213,1,3
1131,2023/3/17,38,275,1,5
1132,2022/8/6,47,169,1,2
1133,2023/3/4,252,217,0,3
1134,2022/6/17,190,11,0,2
1135,2023/10/3,181,110,1,1
1136,2024/1/22,346,56,0,1
1137,2023/2/6,253,228,1,2
1138,2023/5/25,392,262,1,3
1139,2022/9/2,376,143,1,4
1140,2023/6/4,206,142,0,4
1141,2023/10/11,353,52,0,3
1142,2024/5/6,121,160,1,1
1143,2023/10/18,255,273,1,2
1144,2022/6/30,231,152,1,5
1145,2022/10/16,348,62,1,3
1146,2023/5/24,492,94,0,3
1147,2024/1/12,395,94,1,5
1148,2023/4/14,385,259,1,5
1149,2022/7/28,249,59,1,1
1150,2024/3/26,273,41,1,4
1151,2022/12/23,182,41,0,5
1152,2024/3/6,342,2,0,4
1153,2023/7/19,407,254,1,4
1154,2022/8/4,52,231,1,1
1155,2022/6/1,496,218,1,1
1156,2023/10/23,100,39,0,1
1157,2024/2/9,418,263,1,3
1158,2023/5/20,198,245,0,1
1159,2022/11/10,172,267,1,3
1160,2023/6/15,337,121,0,1
1161,2023/2/24,125,260,0,4
1162,2022/6/8,264,220,1,1
1163,2024/3/27,57,6,1,5
1164,2023/5/6,164,181,0,4
1165,2023/6/11,158,297,0,1
1166,2023/7/24,75,91,0,3
1167,2023/11/18,263,216,1,4
1168,2024/3/14,317,233,0,2
1169,2024/2/15,133,100,1,4
1170,2022/9/19,175,190,0,5
1171,2022/10/11,19,55,1,4
1172,2022/8/15,315,77,1,2
1173,2023/6/25,376,58,0,3
1174,2022/5/25,475,187,0,5
1175,2024/1/24,235,282,1,1
1176,2023/11/5,244,72,1,2
1177,2023/9/30,494,127,1,2
1178,2023/8/28,68,170,0,2
1179,2024/4/15,383,25,0,3
1180,2023/11/27,7,198,0,2
1181,2023/5/2,92,193,1,5
1182,2023/7/26,202,89,1,5
1183,2023/2/16,165,85,1,5
1184,2023/8/30,450,137,0,4
1185,2023/1/18,140,296,0,1
1186,2022/11/5,216,179,0,1
1187,2022/12/16,403,197,1,1
1188,2022/10/7,65,203,0,5
1189,2024/1/1,269,167,0,1
1190,2023/9/30,457,207,0,3
1191,2023/6/30,124,140,1,4
1192,2022/11/7,195,187,0,5
1193,2023/2/11,74,291,1,3
1194,2022/8/11,103,222,0,1
1195,2023/5/25,111,73,1,4
1196,2023/3/29,432,240,1,2
1197,2023/3/31,244,68,0,2
1198,2024/4/9,332,215,0,1
1199,2023/11/19,267,125,0,4
1200,2023/9/26,18,133,0,2
1201,2024/2/9,93,96,0,3
1202,2022/12/6,221,59,0,2
1203,2023/2/13,114,99,0,5
1204,2023/12/7,364,238,0,2
1205,2023/12/25,419,206,0,3
1206,2022/5/30,213,119,0,4
1207,2024/3/11,450,154,0,4
1208,2022/6/27,330,118,0,1
1209,2023/5/7,414,262,0,3
1210,2023/6/19,165,15,1,3
1211,2023/6/30,346,140,0,2
1212,2023/9/4,224,184,1,5
1213,2023/8/31,89,27,1,4
1214,2023/7/31,466,46,0,2
1215,2022/10/31,435,122,1,2
1216,2023/4/12,450,260,0,3
1217,2023/1/11,239,168,0,4
1218,2022/11/12,199,29,0,5
1219,2023/10/16,305,17,1,1
1220,2022/5/17,433,147,1,1
1221,2022/9/13,492,295,1,4
1222,2023/10/5,419,279,0,3
1223,2023/12/6,385,15,1,5
1224,2023/3/31,318,138,1,2
1225,2023/6/11,222,186,1,1
1226,2023/9/26,250,262,0,3
1227,2022/8/30,306,257,0,5
1228,2024/1/5,296,169,0,4
1229,2023/4/13,48,199,1,4
1230,2023/3/1,409,202,0,3
1231,2022/12/25,328,7,1,5
1232,2023/10/26,317,90,0,1
1233,2024/1/20,185,260,0,2
1234,2022/6/21,45,300,0,2
1235,2022/9/6,346,238,1,5
1236,2022/7/8,64,46,0,3
1237,2023/4/5,141,146,0,4
1238,2024/4/14,423,73,0,4
1239,2022/6/21,252,23,0,1
1240,2024/3/10,397,234,1,5
1241,2023/5/23,94,163,1,1
1242,2023/8/31,322,162,0,1
1243,2023/12/19,254,81,1,5
1244,2023/12/17,480,72,0,5
1245,2023/1/3,413,135,0,3
1246,2023/4/25,416,118,0,2
1247,2022/8/6,119,131,1,2
1248,2023/7/9,76,219,1,3
1249,2023/1/22,144,149,1,2
1250,2023/7/24,147,263,1,3
1251,2023/8/17,35,51,1,3
1252,2023/10/30,13,155,1,1
1253,2023/7/30,497,256,1,4
1254,2023/12/23,85,284,1,5
1255,2023/2/27,9,261,1,5
1256,2023/10/31,34,23,0,2
1257,2022/7/7,496,86,0,1
1258,2022/5/21,162,107,1,5
1259,2022/6/29,102,42,0,4
1260,2022/7/20,143,254,1,5
1261,2023/10/23,12,52,1,3
1262,2024/1/18,26,235,1,5
1263,2022/9/28,130,229,1,4
1264,2023/1/7,28,103,0,1
1265,2024/4/19,342,123,0,5
1266,2023/3/17,53,49,0,2
1267,2024/3/14,162,34,1,2
1268,2022/11/7,465,56,0,1
1269,2024/3/12,388,194,0,3
1270,2023/6/2,493,187,1,1
1271,2022/8/27,436,175,1,3
1272,2023/11/28,253,280,1,2
1273,2022/11/23,334,118,0,3
1274,2023/7/16,335,26,1,4
1275,2023/8/20,15,293,0,3
1276,2023/12/21,132,47,1,2
1277,2024/1/13,418,211,1,1
1278,2023/2/19,24,154,1,3
1279,2022/7/7,466,84,0,1
1280,2024/4/20,86,5,0,4
1281,2022/11/22,471,207,0,4
1282,2023/12/4,371,83,1,5
1283,2023/12/12,340,221,0,5
1284,2022/10/30,212,225,1,2
1285,2023/4/10,124,129,0,5
1286,2022/11/12,219,300,0,3
1287,2023/3/23,344,94,1,3
1288,2022/9/25,325,112,0,1
1289,2023/5/15,352,47,1,3
1290,2023/7/29,290,298,0,3
1291,2023/12/11,436,175,1,2
1292,2023/11/25,44,201,1,2
1293,2022/10/20,97,60,0,1
1294,2022/12/12,206,200,1,1
1295,2022/10/15,328,240,0,3
1296,2024/1/7,447,65,1,5
1297,2023/9/13,405,222,0,3
1298,2023/9/14,300,161,1,2
1299,2023/9/23,404,129,0,2
1300,2024/2/10,132,54,1,3
1301,2023/5/6,449,275,1,3
1302,2022/5/25,13,79,0,1
1303,2022/6/26,250,149,1,2
1304,2023/1/2,304,91,1,4
1305,2022/10/2,311,86,1,5
1306,2022/11/3,310,286,1,4
1307,2024/2/18,78,72,1,1
1308,2023/12/18,145,162,0,1
1309,2023/3/17,244,6,0,3
1310,2024/2/25,455,97,1,3
1311,2023/2/21,194,121,1,5
1312,2023/5/31,5,99,0,3
1313,2023/2/25,273,127,0,3
1314,2024/1/19,492,57,0,4
1315,2023/2/12,384,104,1,4
1316,2022/12/14,470,135,0,3
1317,2023/1/13,356,110,0,5
1318,2023/4/17,117,75,0,2
1319,2023/3/23,183,65,1,2
1320,2023/8/5,143,171,1,5
1321,2022/6/16,29,148,0,2
1322,2024/4/6,182,97,1,1
1323,2022/8/4,184,233,1,4
1324,2022/6/17,484,216,1,1
1325,2022/12/14,309,28,0,1
1326,2022/5/24,343,121,1,5
1327,2024/2/19,465,273,0,5
1328,2024/4/28,441,64,1,1
1329,2024/1/13,306,219,1,3
1330,2023/2/21,354,240,0,2
1331,2022/7/16,204,18,0,5
1332,2022/9/12,204,37,1,3
1333,2022/9/11,331,120,0,4
1334,2022/8/11,386,201,0,1
1335,2023/8/21,350,12,0,1
1336,2023/10/30,155,53,1,3
1337,2023/8/12,409,168,0,4
1338,2023/5/12,459,294,1,2
1339,2024/4/8,415,146,1,2
1340,2023/8/21,291,46,1,5
1341,2023/12/6,184,269,1,4
1342,2023/8/24,328,68,0,2
1343,2022/5/31,340,238,0,5
1344,2023/8/5,198,6,1,1
1345,2022/7/5,193,106,1,2
1346,2023/8/2,257,170,1,1
1347,2022/7/7,132,240,1,3
1348,2023/4/30,468,238,0,2
1349,2023/2/26,107,98,1,4
1350,2024/3/1,55,136,1,1
1351,2022/6/6,452,197,0,3
1352,2022/7/17,249,88,0,4
1353,2023/12/27,206,281,1,2
1354,2023/8/17,17,108,1,1
1355,2023/11/12,151,114,1,2
1356,2022/9/13,211,187,0,2
1357,2023/3/8,258,168,0,5
1358,2024/2/12,155,244,0,4
1359,2023/7/28,44,156,0,4
1360,2024/3/3,454,123,1,3
1361,2024/2/28,88,89,1,1
1362,2022/7/30,78,136,1,2
1363,2022/6/9,371,287,1,5
1364,2023/1/26,44,265,0,5
1365,2023/2/9,338,190,0,2
1366,2023/7/1,488,260,1,4
1367,2023/10/21,440,238,0,3
1368,2023/12/1,111,225,1,3
1369,2022/10/13,235,100,1,3
1370,2023/9/17,87,85,0,4
1371,2024/3/26,48,178,1,2
1372,2023/3/22,268,103,1,3
1373,2022/11/13,341,90,0,5
1374,2023/7/21,386,25,1,1
1375,2023/4/14,66,246,0,5
1376,2024/2/20,63,84,1,4
1377,2023/5/24,21,181,1,3
1378,2023/12/20,13,189,1,1
1379,2022/10/24,1,236,1,1
1380,2023/1/30,300,248,0,1
1381,2022/8/22,258,20,0,2
1382,2023/12/26,46,112,0,5
1383,2024/4/27,413,38,1,5
1384,2022/7/31,162,31,0,3
1385,2022/5/13,50,45,0,4
1386,2023/8/15,121,298,1,4
1387,2023/3/19,405,179,1,4
1388,2023/1/17,156,175,1,2
1389,2023/12/31,286,4,1,5
1390,2023/12/13,244,55,1,4
1391,2022/10/26,31,266,1,1
1392,2024/2/17,53,268,0,1
1393,2023/8/22,289,133,1,4
1394,2023/3/15,438,103,0,2
1395,2023/9/25,445,226,1,5
1396,2023/11/12,117,280,1,3
1397,2022/11/25,462,123,0,4
1398,2022/9/17,168,39,1,3
1399,2022/11/14,488,138,0,4
1400,2023/5/10,142,32,1,3
1401,2024/4/29,393,183,0,4
1402,2022/7/14,72,195,0,1
1403,2024/2/29,471,53,0,3
1404,2023/2/20,81,155,1,1
1405,2023/3/6,45,52,1,3
1406,2023/11/14,342,107,1,4
1407,2023/5/2,447,36,1,4
1408,2023/8/6,452,184,0,5
1409,2022/12/3,374,162,0,5
1410,2024/2/14,67,162,1,2
1411,2023/4/23,382,27,0,1
1412,2023/7/22,205,262,1,3
1413,2022/9/8,276,233,1,1
1414,2022/11/26,106,148,0,2
1415,2022/7/22,145,15,1,4
1416,2022/9/4,275,1,0,1
1417,2022/9/18,430,209,1,1
1418,2024/2/8,72,29,0,2
1419,2024/4/22,409,60,1,3
1420,2023/4/3,349,201,0,4
1421,2023/3/5,314,80,1,4
1422,2023/12/28,453,95,1,5
1423,2023/4/18,341,241,1,1
1424,2023/6/19,308,14,1,4
1425,2023/2/22,388,200,1,3
1426,2024/5/4,252,252,1,4
1427,2023/7/9,220,23,0,5
1428,2023/9/15,84,6,0,3
1429,2023/3/7,421,195,1,1
1430,2023/1/9,135,12,1,5
1431,2023/2/6,52,237,0,3
1432,2024/1/31,401,73,1,3
1433,2022/10/29,186,236,1,3
1434,2023/8/24,432,193,0,3
1435,2022/5/18,1,78,1,4
1436,2024/2/24,474,292,0,5
1437,2023/2/21,58,243,0,4
1438,2022/7/3,89,185,0,4
1439,2024/3/22,56,235,1,2
1440,2022/7/14,396,158,0,3
1441,2023/7/8,94,5,0,2
1442,2023/7/17,33,159,1,5
1443,2023/9/22,126,297,1,1
1444,2024/3/18,53,123,1,1
1445,2022/7/24,391,53,1,2
1446,2023/4/7,77,80,1,5
1447,2023/9/28,340,23,0,5
1448,2023/10/31,314,173,1,3
1449,2023/6/5,178,7,1,3
1450,2022/5/24,209,53,1,4
1451,2024/1/17,108,90,1,4
1452,2022/10/25,168,61,1,2
1453,2023/2/19,456,66,0,3
1454,2022/10/9,452,168,0,3
1455,2023/5/11,228,112,1,3
1456,2023/6/3,316,117,0,5
1457,2023/8/31,407,125,1,4
1458,2023/11/11,49,73,1,5
1459,2023/3/23,210,225,1,4
1460,2022/11/15,382,103,0,1
1461,2023/9/29,435,266,1,5
1462,2022/9/1,65,99,0,4
1463,2024/4/5,154,199,0,1
1464,2022/8/6,109,31,0,1
1465,2022/6/5,457,268,1,1
1466,2022/10/28,179,188,0,1
1467,2022/6/10,97,236,0,3
1468,2024/3/17,320,116,0,1
1469,2023/10/6,102,198,0,1
1470,2022/10/18,111,41,1,3
1471,2022/9/16,76,220,1,2
1472,2022/6/29,217,104,1,3
1473,2023/9/12,114,20,1,5
1474,2022/12/10,381,216,0,4
1475,2022/10/12,467,250,0,3
1476,2023/6/25,225,61,1,4
1477,2023/8/15,428,43,0,5
1478,2023/4/19,192,289,0,1
1479,2024/4/20,199,190,0,5
1480,2023/6/21,368,211,0,3
1481,2023/1/18,67,87,1,3
1482,2022/12/30,188,249,0,3
1483,2023/11/8,119,28,1,1
1484,2023/6/15,133,246,0,5
1485,2022/6/21,344,185,0,5
1486,2022/9/9,463,263,1,5
1487,2023/5/1,293,213,1,5
1488,2024/4/15,299,124,1,5
1489,2023/1/13,227,97,1,2
1490,2023/2/19,56,244,0,2
1491,2023/10/15,182,196,0,2
1492,2022/7/3,93,95,1,3
1493,2022/9/28,441,150,0,4
1494,2023/12/5,198,93,1,2
1495,2022/10/30,408,247,1,4
1496,2023/2/26,333,287,0,3
1497,2022/6/10,478,116,1,5
1498,2022/12/2,394,242,1,1
1499,2023/6/18,273,62,0,2
1500,2023/3/2,68,98,0,5
1501,2022/10/23,274,27,1,3
1502,2022/12/6,480,54,0,2
1503,2023/4/28,184,293,0,2
1504,2022/6/25,405,17,0,5
1505,2023/2/27,169,108,0,5
1506,2022/5/21,8,138,0,3
1507,2023/1/9,140,120,0,5
1508,2022/9/23,481,74,0,1
1509,2023/3/2,373,191,1,4
1510,2024/4/29,61,132,1,2
1511,2022/12/16,297,2,1,5
1512,2023/4/9,437,110,1,5
1513,2023/5/12,12,120,0,4
1514,2023/1/3,429,217,1,2
1515,2022/11/22,231,222,0,1
1516,2023/8/2,161,60,1,2
1517,2023/10/6,178,140,1,1
1518,2024/3/16,204,189,1,5
1519,2023/1/24,253,151,0,2
1520,2022/10/18,223,197,1,3
1521,2023/7/12,43,285,1,1
1522,2023/12/14,66,271,1,3
1523,2023/8/6,127,260,1,5
1524,2023/8/5,28,14,1,1
1525,2022/11/29,47,144,0,3
1526,2024/3/28,410,243,0,4
1527,2023/10/11,39,42,1,5
1528,2023/2/26,456,166,1,5
1529,2023/4/27,391,34,0,3
1530,2023/9/20,457,105,0,5
1531,2024/4/26,88,178,1,5
1532,2023/8/23,7,108,0,3
1533,2024/1/4,451,287,1,4
1534,2024/1/14,446,282,1,2
1535,2022/8/14,178,7,0,5
1536,2023/3/16,226,252,1,3
1537,2023/10/17,86,158,0,3
1538,2023/9/3,201,99,0,5
1539,2023/8/7,364,88,0,3
1540,2023/10/7,209,254,1,2
1541,2023/1/27,155,3,0,5
1542,2023/2/13,229,244,1,2
1543,2023/5/22,68,245,0,5
1544,2023/7/3,49,64,0,4
1545,2024/3/6,485,76,0,5
1546,2023/8/1,443,25,1,2
1547,2023/4/21,334,11,1,5
1548,2024/3/16,111,263,1,1
1549,2022/10/25,130,142,1,3
1550,2022/9/25,451,87,0,1
1551,2022/6/30,201,94,1,5
1552,2024/4/15,283,285,0,5
1553,2023/8/28,479,244,1,2
1554,2023/7/22,59,1,1,1
1555,2024/3/25,156,155,1,3
1556,2023/6/29,453,74,1,2
1557,2023/1/16,493,173,0,5
1558,2023/10/11,106,180,0,2
1559,2022/9/1,39,274,1,5
1560,2023/7/8,329,169,0,3
1561,2022/9/30,309,173,1,4
1562,2023/7/30,320,11,0,3
1563,2024/2/19,3,156,0,1
1564,2024/5/1,5,235,1,1
1565,2022/8/2,102,190,0,5
1566,2023/4/28,324,140,1,2
1567,2023/4/21,152,60,0,5
1568,2023/3/20,390,166,1,3
1569,2023/3/13,178,158,0,2
1570,2023/11/18,396,252,1,2
1571,2023/7/4,281,297,1,4
1572,2022/10/30,406,120,0,4
1573,2023/9/18,457,139,0,4
1574,2023/4/8,15,242,1,2
1575,2024/3/13,270,155,1,5
1576,2022/11/21,111,129,0,4
1577,2024/1/13,453,179,1,3
1578,2023/4/18,343,46,0,3
1579,2024/4/12,413,136,1,2
1580,2023/7/8,90,87,0,3
1581,2023/5/19,11,26,0,4
1582,2023/6/20,282,200,1,5
1583,2023/2/26,237,68,1,4
1584,2023/1/12,73,44,1,4
1585,2022/5/31,310,65,1,2
1586,2023/8/25,325,250,1,1
1587,2023/1/12,317,241,0,2
1588,2023/5/8,57,232,1,3
1589,2022/6/27,265,82,0,1
1590,2022/10/24,21,215,0,3
1591,2023/4/13,221,179,0,1
1592,2023/4/17,320,158,1,2
1593,2024/4/22,169,198,0,5
1594,2024/5/4,198,173,0,2
1595,2023/6/8,95,68,1,5
1596,2023/5/1,220,125,0,4
1597,2024/1/1,254,165,0,5
1598,2023/7/16,205,242,0,2
1599,2023/4/28,187,6,0,1
1600,2022/11/2,174,194,1,1
1601,2024/3/30,481,51,1,5
1602,2024/2/5,251,92,1,5
1603,2022/11/20,356,20,1,1
1604,2023/4/10,189,277,0,1
1605,2023/6/27,133,56,1,1
1606,2022/5/20,494,228,0,4
1607,2023/4/22,53,71,1,2
1608,2024/3/19,249,272,0,4
1609,2022/6/23,466,2,1,5
1610,2022/10/29,416,158,1,1
1611,2024/4/5,105,264,0,3
1612,2022/9/4,33,82,0,4
1613,2022/11/27,253,28,0,2
1614,2022/11/1,59,134,0,1
1615,2024/3/28,8,211,1,2
1616,2023/1/22,60,57,0,4
1617,2023/6/17,155,1,0,3
1618,2023/4/23,413,256,1,5
1619,2024/4/26,494,297,1,1
1620,2023/6/5,313,259,1,4
1621,2023/7/3,208,209,1,3
1622,2023/7/12,271,99,0,5
1623,2022/9/7,493,88,0,4
1624,2022/10/26,369,293,0,3
1625,2022/11/22,271,265,1,4
1626,2023/10/17,469,105,1,1
1627,2023/7/30,426,275,0,3
1628,2024/1/27,186,51,1,5
1629,2022/8/11,301,182,1,4
1630,2022/10/6,6,258,1,2
1631,2023/10/17,330,12,0,5
1632,2023/8/18,110,42,0,1
1633,2022/9/13,416,142,0,4
1634,2022/8/22,364,149,1,2
1635,2023/4/20,170,121,1,1
1636,2023/8/29,306,144,1,4
1637,2024/2/14,152,291,0,3
1638,2024/3/6,368,12,1,1
1639,2023/7/23,312,267,1,3
1640,2023/7/14,463,173,1,3
1641,2023/5/31,195,290,1,3
1642,2023/5/17,240,161,0,3
1643,2023/12/7,26,203,1,1
1644,2022/12/22,132,83,0,5
1645,2023/11/9,173,104,0,3
1646,2024/4/21,335,80,1,2
1647,2023/3/11,474,22,1,2
1648,2024/2/18,18,242,0,2
1649,2024/1/2,218,47,0,4
1650,2023/10/30,129,152,0,1
1651,2024/4/22,299,100,1,5
1652,2024/1/10,373,274,1,4
1653,2022/10/22,443,200,0,3
1654,2022/11/30,163,43,0,5
1655,2022/11/7,129,241,0,3
1656,2023/1/19,351,143,0,3
1657,2023/4/23,317,85,1,1
1658,2023/4/27,31,11,1,2
1659,2023/10/30,496,203,1,5
1660,2023/7/2,326,188,1,2
1661,2023/12/17,109,295,1,4
1662,2023/10/25,206,18,1,4
1663,2023/12/8,351,91,0,4
1664,2023/4/27,245,23,1,1
1665,2023/4/5,147,100,0,5
1666,2023/4/28,26,295,1,1
1667,2024/4/11,90,270,0,4
1668,2022/9/14,108,249,0,1
1669,2024/2/12,224,244,1,3
1670,2022/10/1,338,104,0,4
1671,2023/1/2,246,168,0,4
1672,2022/7/5,413,77,0,3
1673,2023/8/30,58,103,1,3
1674,2024/5/6,323,241,0,4
1675,2024/2/9,281,159,0,1
1676,2024/3/16,370,103,1,5
1677,2023/5/1,262,222,1,1
1678,2022/11/15,462,69,0,4
1679,2022/6/2,105,177,1,3
1680,2022/6/14,434,11,1,5
1681,2022/12/18,82,291,1,1
1682,2023/5/13,362,218,0,5
1683,2023/10/11,262,110,0,4
1684,2023/12/29,166,138,1,1
1685,2023/7/15,215,269,0,3
1686,2022/9/17,166,66,0,4
1687,2022/9/16,391,94,1,1
1688,2023/6/19,4,62,1,1
1689,2022/7/26,473,73,0,3
1690,2024/1/25,463,117,0,5
1691,2023/2/2,175,1,0,2
1692,2022/6/13,270,221,1,2
1693,2023/7/31,389,6,0,4
1694,2022/9/11,308,250,1,1
1695,2024/3/16,340,154,1,3
1696,2023/10/25,357,70,1,5
1697,2024/2/14,448,103,1,5
1698,2023/9/10,416,76,0,5
1699,2022/11/1,401,203,0,4
1700,2024/1/6,284,26,0,5
1701,2024/1/14,334,24,1,5
1702,2022/12/15,455,264,0,1
1703,2022/5/29,122,194,1,4
1704,2022/6/15,177,116,1,1
1705,2022/5/19,446,93,1,3
1706,2022/11/28,392,264,0,3
1707,2023/7/14,57,270,0,5
1708,2023/11/12,346,28,0,1
1709,2022/11/7,470,223,0,1
1710,2022/8/9,418,192,0,3
1711,2024/2/24,173,137,0,4
1712,2023/3/10,269,205,1,1
1713,2023/11/9,446,189,0,3
1714,2023/6/20,304,236,0,1
1715,2023/11/1,472,253,0,5
1716,2023/10/15,237,29,0,1
1717,2023/3/31,21,172,0,4
1718,2023/4/23,322,173,1,2
1719,2023/1/28,266,78,0,3
1720,2023/11/14,345,26,1,1
1721,2023/7/20,492,165,1,3
1722,2022/11/28,212,204,0,2
1723,2023/6/6,266,198,0,3
1724,2023/9/9,86,224,1,4
1725,2022/8/18,300,53,1,3
1726,2023/5/14,444,213,1,3
1727,2022/7/13,391,120,0,4
1728,2023/12/29,232,221,1,4
1729,2022/10/5,223,261,1,3
1730,2023/5/18,312,180,1,2
1731,2023/9/13,259,256,1,2
1732,2023/3/13,489,152,1,1
1733,2023/11/26,181,206,0,2
1734,2022/10/5,88,63,0,1
1735,2023/2/17,15,227,0,4
1736,2024/3/11,107,224,1,3
1737,2024/2/8,146,5,0,4
1738,2023/6/23,24,59,0,5
1739,2024/3/5,119,205,0,3
1740,2023/7/1,57,60,1,1
1741,2022/10/14,469,65,1,2
1742,2022/8/7,216,158,1,2
1743,2023/6/1,344,192,0,2
1744,2023/9/21,51,283,1,4
1745,2024/1/17,357,202,1,2
1746,2024/1/21,460,299,0,2
1747,2022/5/20,152,93,1,3
1748,2022/12/30,93,52,0,5
1749,2023/8/5,105,17,1,1
1750,2024/3/7,162,278,0,3
1751,2023/2/18,421,139,1,4
1752,2023/2/10,209,62,0,1
1753,2023/7/25,480,273,0,3
1754,2024/2/5,343,130,0,5
1755,2023/3/28,177,163,0,3
1756,2023/12/20,174,190,1,5
1757,2022/12/29,434,150,1,4
1758,2022/10/3,193,255,0,2
1759,2022/12/17,318,279,1,4
1760,2022/7/18,142,283,0,4
1761,2024/2/1,419,102,0,1
1762,2024/3/27,478,9,0,4
1763,2022/12/27,174,278,1,5
1764,2023/8/5,190,81,0,3
1765,2023/7/29,40,106,0,3
1766,2022/7/28,207,179,0,3
1767,2024/5/8,402,282,0,3
1768,2022/9/4,163,3,1,3
1769,2024/2/7,379,189,1,2
1770,2024/1/14,304,166,1,4
1771,2024/2/1,145,143,1,2
1772,2024/2/7,405,10,0,1
1773,2023/2/15,259,18,1,4
1774,2022/8/15,414,107,1,1
1775,2022/12/31,88,290,1,3
1776,2023/1/12,67,12,0,1
1777,2023/10/22,357,251,0,4
1778,2023/3/31,340,51,1,4
1779,2022/11/13,391,114,0,1
1780,2023/11/26,323,117,1,5
1781,2022/9/10,236,89,1,4
1782,2022/9/6,212,208,1,4
1783,2024/4/4,100,106,1,5
1784,2024/5/3,188,55,1,4
1785,2024/3/11,372,282,1,3
1786,2022/11/7,143,270,0,2
1787,2023/4/12,34,60,0,1
1788,2022/11/14,463,276,0,4
1789,2024/1/12,98,298,1,5
1790,2023/4/5,36,138,0,2
1791,2023/2/8,334,43,1,1
1792,2023/9/13,359,6,0,2
1793,2023/5/20,208,148,1,4
1794,2022/11/26,230,243,1,3
1795,2024/3/31,283,231,0,5
1796,2023/5/23,88,62,1,3
1797,2023/9/28,435,237,0,3
1798,2023/10/26,151,268,0,1
1799,2022/10/1,454,6,0,1
1800,2023/5/21,281,56,1,4
1801,2023/5/30,419,233,0,3
1802,2023/8/23,219,286,0,1
1803,2024/1/14,496,124,0,3
1804,2023/12/15,8,237,1,3
1805,2024/1/1,52,259,0,2
1806,2023/10/14,371,198,0,1
1807,2023/9/23,53,29,1,1
1808,2022/9/27,70,285,0,2
1809,2023/5/18,478,230,0,5
1810,2022/8/1,2,278,0,1
1811,2024/4/28,415,235,1,1
1812,2024/4/28,21,171,1,2
1813,2023/4/17,441,135,0,2
1814,2024/4/19,180,17,0,1
1815,2023/9/3,262,217,1,1
1816,2023/3/3,324,267,1,3
1817,2023/8/15,103,177,0,3
1818,2024/5/11,48,202,0,3
1819,2022/8/28,112,193,1,5
1820,2022/12/6,141,49,1,4
1821,2024/1/6,396,187,0,2
1822,2023/12/21,86,256,1,2
1823,2022/12/19,395,186,1,1
1824,2022/7/31,376,166,0,4
1825,2023/4/26,77,275,1,5
1826,2022/12/25,200,294,0,1
1827,2024/1/28,271,67,0,5
1828,2023/10/21,446,227,1,1
1829,2022/5/22,432,266,0,1
1830,2024/4/18,480,109,0,1
1831,2023/4/11,135,107,1,3
1832,2023/4/27,247,43,1,1
1833,2023/7/21,490,139,0,2
1834,2023/2/18,264,299,1,4
1835,2023/4/2,296,173,1,2
1836,2022/7/21,414,127,0,5
1837,2023/12/12,156,279,1,4
1838,2023/12/21,300,48,1,3
1839,2023/5/7,357,227,0,4
1840,2024/3/22,481,125,1,1
1841,2023/1/7,262,24,0,4
1842,2023/9/20,56,279,0,5
1843,2023/6/25,218,226,1,3
1844,2023/2/26,215,288,0,5
1845,2023/9/14,405,105,0,4
1846,2024/2/28,417,143,0,4
1847,2024/3/29,8,253,1,5
1848,2023/7/18,395,156,0,1
1849,2023/12/11,413,88,0,3
1850,2023/7/17,143,94,1,5
1851,2022/9/13,417,110,0,4
1852,2023/4/3,149,217,1,2
1853,2023/2/16,432,106,1,2
1854,2024/2/16,73,151,1,1
1855,2024/4/17,244,151,1,5
1856,2022/9/13,334,297,1,4
1857,2022/7/26,50,101,0,5
1858,2023/9/30,277,120,0,5
1859,2024/3/21,137,225,1,1
1860,2022/7/14,242,277,1,3
1861,2024/3/27,7,259,1,4
1862,2023/11/5,311,229,1,1
1863,2024/2/11,239,206,1,2
1864,2022/10/3,2,15,1,5
1865,2022/7/9,37,136,1,4
1866,2023/2/5,44,252,0,5
1867,2022/8/10,5,275,1,2
1868,2024/2/2,165,205,0,5
1869,2024/1/24,447,75,1,5
1870,2024/2/26,135,55,1,4
1871,2022/11/28,113,117,0,1
1872,2023/7/2,283,287,1,5
1873,2022/8/26,466,236,0,1
1874,2023/9/17,244,142,1,1
1875,2022/5/22,263,142,1,2
1876,2022/12/14,182,190,1,1
1877,2023/1/3,369,255,0,3
1878,2023/3/28,389,163,0,5
1879,2023/8/20,253,137,1,2
1880,2023/10/6,142,150,1,5
1881,2022/12/18,261,265,1,3
1882,2022/12/4,190,253,1,1
1883,2022/12/15,266,246,1,1
1884,2022/9/12,449,253,1,1
1885,2023/6/6,140,243,0,1
1886,2023/12/25,263,51,0,1
1887,2023/12/20,163,82,1,2
1888,2024/5/5,335,180,1,2
1889,2023/6/28,1,47,1,2
1890,2024/3/10,60,187,1,3
1891,2023/5/29,33,217,1,3
1892,2023/1/30,144,287,0,2
1893,2022/6/21,375,295,1,1
1894,2023/9/23,123,153,1,4
1895,2022/9/14,485,197,0,2
1896,2023/4/12,191,255,1,1
1897,2022/12/4,397,191,1,1
1898,2022/8/30,496,98,1,1
1899,2023/10/12,375,205,1,3
1900,2023/12/26,248,225,0,2
1901,2023/8/17,492,134,0,3
1902,2022/10/7,73,184,0,4
1903,2023/10/4,199,72,1,5
1904,2023/3/23,173,139,1,2
1905,2023/1/11,64,165,0,2
1906,2024/4/14,22,21,0,3
1907,2022/12/29,446,288,1,4
1908,2023/3/30,9,68,1,1
1909,2023/4/25,377,219,0,1
1910,2023/4/22,99,204,0,3
1911,2024/5/7,284,243,0,2
1912,2022/10/8,175,139,1,3
1913,2024/2/26,172,72,1,5
1914,2022/11/16,132,157,1,1
1915,2023/10/17,408,104,1,5
1916,2023/9/29,173,24,0,3
1917,2023/1/16,408,81,0,2
1918,2023/10/28,198,126,1,4
1919,2022/7/18,46,203,0,2
1920,2023/10/3,455,115,0,4
1921,2023/7/13,296,208,0,2
1922,2023/5/12,451,14,1,4
1923,2023/1/2,185,68,0,4
1924,2023/2/11,97,85,1,1
1925,2023/4/9,19,215,0,5
1926,2023/8/6,69,243,1,4
1927,2023/6/24,449,187,0,5
1928,2023/2/11,6,143,1,5
1929,2023/4/10,340,292,0,4
1930,2023/12/16,76,94,1,1
1931,2023/5/24,342,299,1,3
1932,2023/10/8,108,154,1,3
1933,2023/3/9,308,84,0,5
1934,2023/5/28,13,41,1,2
1935,2024/2/14,12,133,1,1
1936,2024/3/3,359,82,1,3
1937,2023/11/20,280,6,0,3
1938,2022/6/3,30,176,1,3
1939,2023/7/10,366,28,0,3
1940,2022/6/13,327,258,1,2
1941,2023/4/2,460,159,1,3
1942,2024/3/5,321,10,1,2
1943,2022/11/30,456,165,0,5
1944,2023/11/21,271,28,1,3
1945,2024/4/20,237,241,0,3
1946,2022/9/18,389,92,1,1
1947,2022/9/30,86,292,0,1
1948,2023/2/25,69,80,0,4
1949,2023/8/27,340,292,0,1
1950,2023/9/12,69,246,0,3
1951,2023/5/15,98,26,1,2
1952,2024/1/8,278,101,1,5
1953,2023/4/30,415,299,1,5
1954,2022/7/15,251,253,1,5
1955,2022/11/10,131,201,0,1
1956,2022/8/1,117,19,1,3
1957,2022/11/17,304,47,1,2
1958,2024/3/24,154,51,0,3
1959,2022/10/21,300,285,1,4
1960,2023/8/6,354,146,1,2
1961,2022/12/10,324,269,1,2
1962,2024/1/19,64,64,1,2
1963,2022/7/21,441,260,0,4
1964,2024/4/14,140,98,1,3
1965,2024/1/24,110,99,0,4
1966,2023/9/13,494,285,0,4
1967,2022/6/3,152,220,1,1
1968,2022/11/28,496,278,0,2
1969,2023/12/18,50,178,0,1
1970,2022/9/16,101,272,0,1
1971,2022/11/27,189,212,1,2
1972,2024/3/22,298,198,0,1
1973,2023/3/26,247,51,1,4
1974,2022/12/31,366,199,1,1
1975,2023/10/17,326,275,1,1
1976,2023/11/27,273,122,0,5
1977,2023/11/19,343,41,1,3
1978,2023/2/12,463,39,1,2
1979,2022/11/1,278,197,0,3
1980,2024/3/15,149,262,0,5
1981,2022/9/7,287,6,0,2
1982,2022/12/27,100,152,1,4
1983,2022/8/17,329,135,0,5
1984,2022/5/19,291,164,1,4
1985,2022/7/15,446,121,0,2
1986,2023/9/13,343,196,0,4
1987,2024/4/3,216,62,1,4
1988,2022/11/1,217,283,1,1
1989,2022/7/10,150,105,1,5
1990,2022/8/23,131,58,0,1
1991,2023/4/19,186,214,1,2
1992,2023/6/10,395,116,0,4
1993,2023/12/21,242,277,1,5
1994,2023/11/3,197,174,0,4
1995,2022/11/9,209,153,0,4
1996,2023/3/26,177,166,0,5
1997,2024/2/15,70,1,0,2
1998,2022/8/20,148,92,0,4
1999,2023/8/29,406,270,1,4
2000,2023/1/20,469,7,0,4
