Order_id,Product_id,Price,Quantity
1,104,126.74,7
1,315,129.26,2
2,455,178.51,3
3,327,103.58,1
4,104,29.9,8
4,243,31.58,7
4,18,89.19,4
5,268,45.21,4
5,18,184.98,2
6,294,50.29,2
7,95,81.51,5
8,186,107.35,3
8,499,72.78,2
8,370,136.27,3
9,202,125.0,4
10,269,188.48,2
11,402,168.07,2
12,127,124.56,4
12,293,94.88,3
13,161,126.81,8
13,384,128.38,9
14,388,61.22,9
14,375,43.82,9
15,461,108.61,3
16,118,68.38,6
16,240,83.19,6
16,166,10.32,5
17,200,139.52,5
17,239,21.02,8
17,190,149.74,7
18,6,49.51,6
19,146,41.31,5
19,275,124.11,4
19,19,196.86,9
20,338,90.19,4
20,34,175.17,8
20,139,21.75,9
21,306,106.65,3
21,10,139.54,2
21,155,81.32,4
22,133,34.6,4
22,361,12.93,4
23,90,83.48,6
23,115,151.12,4
23,230,198.2,5
24,328,97.98,5
24,354,66.03,6
25,274,75.87,2
26,253,27.47,8
27,496,95.52,2
27,488,129.15,2
27,113,128.48,7
28,18,12.43,6
28,359,130.41,5
29,201,136.48,8
29,103,105.38,6
30,59,189.53,6
31,88,59.03,9
31,440,171.86,7
32,163,43.1,2
33,230,59.77,2
33,476,48.93,9
33,197,178.21,8
34,131,160.77,5
34,494,95.59,4
35,370,81.82,4
36,282,12.45,4
36,327,143.37,7
37,139,193.34,7
38,20,157.92,8
38,430,54.28,2
38,336,60.26,7
39,85,90.33,7
39,438,87.47,2
40,464,54.14,8
40,183,160.41,6
41,292,159.36,9
41,432,144.23,8
42,200,10.94,5
42,361,184.3,6
43,317,74.14,1
44,37,15.48,6
44,114,131.11,7
44,413,150.14,9
45,429,137.48,5
45,47,84.27,6
45,394,173.62,1
46,357,77.74,3
47,88,112.27,2
47,164,185.13,2
47,93,148.3,9
48,19,27.99,8
48,79,157.66,9
49,232,181.32,7
49,149,166.82,9
49,37,100.59,6
50,329,166.78,2
50,369,24.37,5
51,360,58.3,2
51,14,174.7,4
52,108,17.86,3
52,489,85.63,8
53,278,173.49,1
53,316,94.71,9
54,240,26.08,2
55,190,97.23,4
55,481,149.12,5
55,289,70.11,2
56,31,182.24,3
56,74,188.75,1
57,92,41.88,3
57,446,27.74,6
58,413,66.88,1
59,313,99.12,5
59,492,39.83,7
59,280,55.9,8
60,349,187.33,6
61,441,145.83,5
61,323,123.61,8
62,277,144.51,9
62,343,10.52,2
63,97,37.65,3
63,392,141.43,1
63,441,145.84,9
64,278,172.06,4
65,85,121.25,8
65,404,115.88,7
65,346,85.55,9
66,176,165.15,2
66,422,171.88,6
67,89,95.8,3
68,340,81.36,4
68,440,19.58,9
69,171,160.49,4
69,14,137.88,3
69,429,93.45,5
70,92,105.89,6
70,343,180.25,8
71,348,176.76,6
72,132,44.03,8
72,442,171.31,5
73,162,106.85,2
73,286,30.16,9
73,342,69.18,3
74,67,140.52,5
74,39,179.75,9
75,409,30.59,6
75,210,125.83,3
76,78,138.84,2
76,458,62.47,2
76,234,153.76,3
77,26,29.63,6
77,38,55.54,2
77,271,10.09,5
78,414,105.52,1
78,368,60.05,5
79,392,24.83,9
79,315,177.37,1
79,412,47.75,5
80,413,117.79,1
81,343,61.58,1
81,69,123.52,3
82,452,134.32,2
82,281,147.86,4
82,232,66.19,9
83,155,18.98,2
83,251,172.88,6
84,138,194.17,6
85,444,178.38,6
86,362,25.7,6
86,245,159.18,5
86,184,102.34,6
87,328,130.1,6
87,85,126.23,7
88,396,111.66,4
89,199,138.26,9
90,349,127.1,9
90,366,119.6,5
91,259,37.14,2
92,168,174.34,9
93,58,153.16,5
94,251,193.23,7
95,412,160.43,3
96,416,120.68,9
96,420,184.26,8
96,141,134.31,1
97,321,68.92,2
98,256,43.35,1
99,152,124.82,2
99,134,149.87,8
100,184,166.59,3
100,193,64.2,5
101,292,181.38,1
101,384,119.81,5
101,11,147.39,2
102,158,163.55,1
102,320,186.94,3
102,466,65.1,1
103,305,84.57,9
104,489,180.99,9
104,211,168.55,8
105,60,85.84,6
106,117,98.79,1
106,176,146.26,4
107,446,21.64,6
107,139,79.79,3
107,148,49.18,2
108,230,108.57,3
109,78,156.7,9
110,186,34.69,7
110,452,197.48,3
110,37,98.75,6
111,4,156.87,8
111,420,76.96,9
112,456,102.75,4
112,247,193.32,7
112,331,141.15,9
113,85,14.87,9
114,349,54.08,5
114,73,59.26,8
115,9,192.19,9
116,466,156.22,5
116,466,138.94,8
116,381,23.23,7
117,198,162.72,3
117,480,44.52,2
118,222,38.27,2
119,444,175.08,8
119,209,10.96,2
120,442,22.02,3
120,373,184.69,2
121,343,57.8,2
121,228,157.12,9
122,51,134.86,9
122,356,31.32,2
123,81,161.04,6
123,118,49.4,6
123,412,142.13,1
124,97,82.36,5
125,304,113.5,5
126,451,189.78,7
127,12,59.24,9
127,83,67.21,1
127,217,65.58,4
128,25,80.3,4
129,129,119.56,4
129,110,162.05,4
130,445,179.69,2
131,201,21.63,6
131,88,133.52,4
132,2,122.56,3
132,252,124.18,3
133,350,160.73,8
133,48,188.19,2
134,103,152.17,3
134,231,42.61,5
134,237,191.38,1
135,499,174.39,6
136,435,66.93,7
136,466,33.23,5
136,212,163.14,7
137,126,195.51,7
137,218,34.22,7
138,127,133.76,7
139,454,11.87,2
139,239,16.74,3
139,342,159.18,9
140,35,164.96,7
140,482,76.38,4
140,295,95.11,8
141,243,158.1,1
141,384,172.96,6
142,476,62.46,3
142,362,159.01,6
143,486,48.17,8
143,306,95.0,6
144,389,146.59,1
145,212,140.3,1
145,308,105.43,3
145,290,137.28,3
146,342,19.6,6
146,133,64.77,7
147,436,51.09,5
147,218,25.54,8
147,382,49.46,3
148,244,173.41,8
148,72,180.29,3
149,441,111.29,5
149,127,102.04,9
149,293,98.0,6
150,52,192.22,8
150,224,188.76,7
151,62,51.13,7
151,190,28.05,1
151,368,20.33,2
152,195,77.96,3
153,442,89.33,1
154,154,57.06,9
155,397,184.84,9
155,245,169.06,3
156,446,151.45,7
156,378,101.94,9
157,382,178.43,1
157,390,189.59,5
157,164,178.66,3
158,223,59.66,1
158,245,174.2,4
158,181,76.57,8
159,138,33.42,5
160,50,151.29,5
160,500,163.69,4
161,466,197.49,2
161,185,101.38,1
162,158,57.69,7
162,204,22.42,2
163,190,88.5,2
163,419,119.71,9
164,492,104.33,3
165,249,40.93,2
165,379,80.59,3
166,428,184.4,6
166,290,97.27,8
167,379,107.32,3
168,157,99.66,6
169,23,83.1,5
169,90,21.52,9
169,476,53.55,6
170,18,105.0,4
171,256,121.04,5
171,34,100.85,5
171,98,79.14,4
172,90,162.66,2
173,469,142.01,6
174,380,189.63,7
174,8,15.27,9
175,193,151.38,7
175,269,21.66,6
176,242,65.29,5
177,328,184.25,8
177,429,157.32,1
178,88,135.78,5
178,39,85.94,4
178,3,19.47,1
179,444,59.45,3
180,74,101.37,6
180,415,90.33,4
180,191,97.05,1
181,307,15.76,1
182,155,130.28,4
183,13,95.68,4
184,403,13.19,8
185,488,188.45,5
186,242,47.56,8
186,414,42.22,9
187,187,153.47,7
187,495,76.25,1
187,423,126.19,1
188,248,11.13,4
189,327,91.97,1
189,67,14.72,6
190,125,49.82,4
191,306,47.0,6
192,462,194.48,5
192,249,67.46,5
192,180,169.46,8
193,337,89.94,6
194,288,173.8,3
194,137,135.93,7
194,362,11.35,5
195,360,31.2,7
196,160,15.96,9
196,410,27.18,6
197,19,51.86,3
198,468,159.26,5
198,349,149.4,1
199,322,56.5,3
199,442,84.18,7
200,347,173.3,5
200,116,23.74,9
201,415,117.31,8
201,406,31.86,1
202,373,198.87,2
203,332,93.91,5
204,292,183.9,9
204,483,39.07,1
205,126,198.16,9
205,183,21.27,1
206,321,21.2,2
206,250,166.42,1
206,64,157.55,8
207,217,57.11,8
208,175,56.9,6
208,97,99.8,2
208,169,189.28,1
209,59,128.92,9
209,325,168.18,8
210,414,174.75,1
210,52,35.55,5
210,55,119.97,1
211,57,197.52,1
211,339,28.17,5
211,53,94.27,3
212,102,155.32,5
212,488,198.02,2
213,67,32.75,7
213,372,86.84,4
213,34,153.06,9
214,474,122.88,4
214,412,176.94,2
214,366,29.41,5
215,471,113.08,6
216,299,125.75,4
216,370,164.71,3
217,7,170.67,3
218,438,100.09,9
219,94,124.82,6
219,33,11.49,8
220,360,140.92,5
220,408,12.93,8
220,166,132.95,3
221,139,106.12,1
221,394,191.27,4
222,322,40.98,6
222,321,82.92,8
223,4,172.89,4
223,154,107.68,6
224,190,164.78,7
224,105,106.41,3
225,205,139.66,5
225,196,177.49,7
225,227,20.42,7
226,220,177.36,1
227,50,44.0,2
227,2,153.51,9
227,265,117.51,4
228,103,73.26,4
229,98,192.12,6
229,364,169.87,2
230,96,64.26,6
230,158,48.51,9
230,49,78.21,5
231,189,73.1,6
231,253,40.35,4
232,366,188.11,7
232,206,178.65,7
233,463,176.22,6
233,157,96.59,7
234,81,160.02,5
234,228,78.47,8
234,89,173.51,2
235,302,182.22,8
235,391,112.28,3
236,275,100.48,1
237,313,111.21,5
237,162,55.24,2
238,9,27.45,6
238,335,83.51,7
238,147,158.97,4
239,490,139.53,1
239,188,169.77,6
239,40,95.78,2
240,153,33.61,1
240,397,109.3,6
241,10,17.5,5
242,497,91.86,3
242,354,48.27,2
243,256,170.41,2
243,434,34.5,8
243,354,100.18,7
244,51,83.18,5
244,217,170.62,5
245,400,116.71,8
245,239,100.24,8
246,168,123.28,1
246,327,54.11,9
246,318,109.06,8
247,402,76.51,1
247,393,30.69,3
247,112,160.38,9
248,450,78.55,4
248,136,62.99,7
248,277,10.11,8
249,169,17.22,6
249,73,57.85,4
249,373,72.61,9
250,129,142.83,5
251,376,80.01,5
251,42,161.34,4
252,387,121.56,8
252,33,76.61,3
252,471,39.91,5
253,381,10.26,2
253,11,82.79,4
253,479,87.28,4
254,393,79.14,4
254,22,162.46,3
255,120,28.16,3
256,58,31.83,2
256,46,54.36,8
256,324,107.61,4
257,198,147.92,4
257,284,181.7,5
257,219,60.75,6
258,397,34.28,6
259,321,106.75,6
260,4,66.92,7
260,446,197.05,7
260,428,17.57,2
261,97,46.27,8
261,41,153.18,3
261,21,83.41,7
262,271,116.83,3
262,25,164.94,1
262,324,136.7,8
263,289,124.67,1
263,330,139.55,3
264,327,22.21,9
264,68,28.58,6
264,315,125.43,4
265,413,79.89,4
266,4,199.19,5
267,464,165.93,5
268,225,186.03,7
268,423,44.29,6
268,109,128.7,8
269,349,15.3,9
269,243,149.68,8
269,198,18.02,1
270,2,138.08,6
271,146,50.35,8
271,191,122.33,8
272,432,62.44,3
272,265,14.26,4
272,330,140.25,2
273,437,95.25,2
274,398,147.6,3
274,369,20.69,4
275,42,110.74,9
276,25,20.31,2
276,64,37.33,9
276,453,159.04,7
277,72,53.45,3
277,70,27.73,5
278,104,36.94,9
278,149,36.87,8
279,324,170.33,9
279,450,122.09,4
279,202,160.55,9
280,347,58.87,3
280,322,129.0,1
280,169,180.79,6
281,369,111.45,1
281,359,175.44,7
281,431,51.43,5
282,406,193.72,8
282,333,25.14,4
283,71,154.61,2
284,417,48.33,2
285,427,32.21,6
286,341,116.21,9
286,205,70.23,2
286,343,52.28,5
287,21,93.43,6
287,110,197.8,6
287,418,130.21,3
288,417,62.93,5
289,266,197.32,7
289,188,63.04,3
289,101,146.73,4
290,132,60.03,7
290,234,157.12,4
290,64,132.36,5
291,63,118.81,7
292,393,97.19,2
293,285,56.14,7
293,244,125.79,9
293,14,176.13,3
294,472,15.95,2
294,328,149.21,2
295,383,177.19,9
295,116,127.21,7
295,397,59.1,3
296,387,76.78,5
296,229,152.27,1
297,110,79.7,9
297,78,11.53,9
298,280,30.05,6
298,383,64.21,6
299,232,84.7,8
299,188,79.22,2
300,250,163.22,3
300,119,52.1,7
301,202,87.96,7
301,232,164.7,8
301,383,160.75,3
302,336,48.99,3
303,12,79.17,8
303,10,39.7,6
304,319,27.12,6
304,66,115.3,5
305,219,70.7,5
305,396,107.6,9
306,352,121.7,1
306,305,125.18,7
306,315,188.75,9
307,76,54.58,4
308,130,180.64,9
308,122,19.75,1
309,457,15.77,6
309,410,30.67,3
310,287,132.3,8
310,418,110.76,1
310,237,40.8,9
311,88,38.1,7
311,277,110.59,7
312,306,192.21,5
313,393,44.72,8
314,321,59.23,4
314,419,32.91,6
315,159,122.97,7
315,359,186.09,1
315,469,55.22,4
316,166,99.76,8
317,279,182.45,6
317,62,144.57,9
317,299,110.37,7
318,305,131.47,9
319,471,148.86,2
320,106,148.41,2
320,21,102.15,4
321,428,63.48,1
322,392,49.17,4
322,194,184.54,8
323,121,21.07,9
324,430,74.04,3
325,31,141.11,8
326,141,124.01,8
326,454,92.31,4
327,313,29.8,8
328,150,36.51,8
329,198,142.34,8
329,17,101.9,3
329,44,74.51,7
330,383,81.21,1
330,24,91.45,4
330,169,139.78,9
331,422,124.18,2
332,368,23.39,7
332,433,39.92,3
333,296,23.41,1
333,105,16.57,2
333,295,157.44,8
334,428,171.68,2
334,177,89.07,9
335,385,194.08,8
336,138,174.08,3
336,253,173.47,3
336,400,79.77,4
337,437,191.33,1
337,237,152.3,8
338,54,77.2,5
338,255,178.88,9
339,389,10.78,3
339,157,118.6,1
339,498,108.83,5
340,36,25.54,8
341,21,173.85,8
342,263,63.53,2
342,42,81.51,3
342,416,100.28,8
343,218,165.22,6
343,337,123.04,1
344,453,117.15,3
344,239,78.85,5
344,398,63.14,4
345,418,100.84,3
345,146,58.59,7
345,112,74.51,9
346,66,93.67,7
346,90,170.27,6
346,48,186.8,6
347,343,167.65,6
348,43,109.88,2
349,151,145.2,7
349,466,73.69,8
350,324,97.25,2
350,148,188.69,8
350,303,77.44,6
351,286,42.87,7
351,247,99.7,9
351,325,133.99,9
352,469,34.04,9
352,366,33.2,1
352,415,67.7,6
353,173,182.45,6
353,464,138.17,1
353,418,52.17,1
354,261,124.66,2
355,468,135.45,8
356,422,109.38,7
356,53,154.28,6
357,321,14.7,9
357,18,46.31,1
358,146,193.61,8
358,498,104.57,8
358,424,24.54,7
359,105,68.55,4
359,275,10.34,9
360,390,120.09,3
360,355,199.9,9
360,388,122.12,7
361,315,125.91,6
362,1,72.27,1
363,120,55.04,1
364,36,106.55,8
364,282,180.96,9
365,341,11.85,2
365,94,118.23,1
365,450,91.42,4
366,399,128.02,8
366,45,169.59,2
367,231,95.32,1
367,261,51.36,3
367,199,81.56,6
368,146,38.6,2
368,222,26.13,8
369,446,81.42,3
370,313,128.88,8
370,386,59.94,7
371,273,183.98,3
372,195,140.9,2
372,79,140.4,9
372,363,141.43,4
373,178,10.32,9
374,25,164.47,5
374,326,184.35,5
375,378,13.69,1
375,406,123.68,9
375,9,138.55,6
376,201,47.29,3
376,290,169.26,7
377,70,128.91,8
377,97,52.76,9
378,257,193.77,1
378,300,51.01,6
379,372,138.93,3
380,263,100.04,3
380,399,147.42,4
380,166,28.57,2
381,349,190.98,1
381,465,48.85,7
382,310,51.87,5
383,30,115.27,3
383,467,76.45,3
384,350,94.0,9
384,121,17.05,3
384,123,54.63,1
385,230,156.97,3
386,132,181.42,8
386,491,54.36,3
387,75,156.94,4
387,298,15.5,6
388,424,18.5,5
389,97,84.67,7
389,417,38.1,2
389,157,41.57,9
390,271,129.21,2
390,480,173.05,1
390,355,158.0,1
391,319,73.93,2
391,318,176.29,6
391,358,169.86,5
392,228,109.6,6
393,324,100.42,7
394,398,21.11,2
394,403,38.6,7
395,338,26.23,5
396,318,110.09,3
396,291,138.56,3
397,99,127.57,9
398,340,175.85,5
398,499,135.15,3
398,453,167.64,5
399,76,36.68,3
399,406,42.61,6
399,132,184.5,4
400,114,77.39,1
401,35,51.23,2
402,212,183.29,4
402,347,194.32,2
402,201,131.18,6
403,490,83.78,6
403,463,140.79,9
403,420,12.96,3
404,205,37.5,4
405,466,80.06,1
405,107,168.12,1
405,472,67.82,3
406,466,21.0,5
407,225,81.96,7
408,178,55.84,2
409,12,20.65,7
410,105,85.8,8
411,323,76.77,4
412,241,149.43,1
412,279,22.01,1
413,197,82.02,7
414,298,75.06,1
415,299,132.9,9
415,400,178.7,9
416,188,37.17,2
416,317,165.09,2
416,338,125.85,2
417,360,15.56,3
418,206,155.71,6
419,96,112.16,3
419,356,161.99,1
420,381,87.68,2
420,370,136.45,1
420,4,47.77,8
421,430,46.45,1
422,154,74.65,4
423,308,108.69,5
423,413,146.14,7
424,339,136.69,2
424,109,166.06,4
424,224,91.02,4
425,408,183.38,7
425,111,30.74,8
425,267,45.57,8
426,398,139.91,2
426,334,58.22,9
426,14,41.27,3
427,468,178.43,9
427,322,23.0,7
427,4,198.38,4
428,141,173.89,4
428,9,174.97,9
429,500,129.46,6
429,267,52.72,8
430,382,161.64,8
431,263,20.22,9
432,309,120.6,2
432,416,93.44,5
433,376,152.58,1
433,300,14.52,1
433,480,83.49,2
434,150,100.65,5
435,270,38.95,1
436,328,88.8,4
436,302,182.99,1
436,29,99.04,6
437,339,57.84,6
438,414,111.14,3
438,318,21.56,5
439,411,65.91,8
439,307,158.89,2
440,16,131.96,7
441,431,14.56,2
441,322,118.28,1
442,110,51.29,1
443,180,195.39,7
444,282,158.9,4
444,19,34.3,2
445,40,83.25,9
445,177,103.09,5
446,302,44.65,8
446,407,143.81,3
447,28,169.86,4
448,460,10.85,7
448,45,35.31,7
449,167,63.86,9
449,242,196.98,5
449,1,86.86,7
450,138,42.35,3
451,23,32.98,8
452,326,181.26,1
452,126,163.95,9
452,408,127.67,2
453,327,112.54,7
453,343,157.66,8
453,472,70.45,5
454,322,131.57,2
455,440,150.0,6
455,184,119.37,8
455,411,42.06,9
456,160,197.32,6
456,404,164.13,2
457,446,103.22,5
457,282,127.79,6
458,489,154.41,9
459,328,97.13,8
460,12,150.43,8
460,380,156.86,1
461,186,97.21,9
462,56,45.68,5
462,274,123.58,2
463,439,115.31,5
463,105,105.09,7
463,257,21.13,2
464,268,157.74,5
464,37,112.35,1
464,228,91.82,9
465,206,164.83,6
465,253,47.41,9
465,265,61.62,3
466,320,131.55,3
467,487,84.11,1
467,395,67.58,2
467,218,58.38,8
468,234,102.29,2
468,10,157.35,3
469,119,163.01,8
469,85,160.21,8
470,261,178.27,4
470,444,19.64,9
471,40,196.62,5
471,209,91.03,1
472,467,46.67,6
472,239,194.3,5
473,207,166.78,5
473,216,186.65,5
473,239,109.4,7
474,309,152.07,5
474,356,108.7,8
475,124,112.5,9
475,49,190.79,1
475,287,150.29,9
476,4,117.69,2
476,11,84.62,9
477,289,41.22,4
478,150,31.99,7
478,426,66.94,5
478,379,141.63,5
479,111,46.39,3
480,354,34.98,2
480,147,24.77,8
480,226,170.79,6
481,180,55.83,9
481,205,48.16,4
481,192,84.26,3
482,53,129.6,8
483,451,121.39,5
483,346,185.49,1
484,491,139.57,3
484,479,116.77,6
485,180,145.2,4
485,349,136.11,6
486,170,155.82,7
486,274,118.76,3
487,399,163.39,9
487,316,181.01,5
487,317,142.33,5
488,14,77.95,5
488,98,63.2,6
489,279,131.07,9
489,245,129.97,1
489,446,14.54,6
490,345,151.95,7
490,415,52.16,3
490,395,20.35,7
491,132,39.11,3
491,160,134.79,8
491,498,109.38,9
492,33,170.92,1
493,398,30.19,2
494,178,167.61,7
494,40,133.67,9
495,385,50.84,4
495,239,150.01,9
495,25,150.85,1
496,341,30.52,4
496,44,60.62,2
497,362,131.38,6
498,219,82.31,7
499,220,155.4,1
500,472,111.85,6
500,91,172.83,5
500,458,31.09,9
501,354,149.41,7
502,347,98.28,8
503,426,108.68,4
503,496,63.97,6
504,160,61.12,7
504,41,46.06,4
505,224,80.94,5
505,265,55.41,6
506,434,46.05,5
506,165,192.74,9
507,338,95.01,2
508,351,138.84,7
509,386,81.09,2
509,187,118.26,8
509,286,104.85,9
510,246,126.41,6
511,209,147.32,4
511,85,136.14,1
512,137,154.8,5
512,120,37.8,1
512,293,27.87,9
513,350,74.39,7
513,188,101.55,5
513,236,52.64,1
514,109,156.91,9
515,272,146.72,4
516,14,183.58,5
516,154,148.5,2
516,255,30.36,5
517,230,136.35,2
517,209,88.29,4
517,307,59.33,5
518,396,124.37,1
518,303,67.42,4
518,131,110.86,7
519,162,119.44,6
520,477,110.52,9
520,91,12.03,5
521,170,76.26,4
521,258,160.19,7
521,411,75.91,2
522,457,106.78,9
523,340,75.86,7
523,412,47.86,9
523,250,47.95,5
524,100,152.28,7
525,151,129.31,8
526,218,187.09,5
527,217,89.99,4
528,365,130.95,5
528,341,99.02,8
528,421,100.05,9
529,246,172.28,9
529,409,96.32,4
530,31,186.35,4
530,141,127.9,5
530,309,26.23,8
531,248,22.92,7
531,235,196.64,9
531,57,85.88,3
532,221,121.62,7
532,243,92.0,1
533,69,40.19,6
534,450,33.85,4
534,70,50.41,8
535,173,125.01,3
535,342,113.84,1
535,251,72.43,8
536,114,18.39,6
537,409,71.57,9
537,137,85.68,5
537,249,153.72,8
538,493,150.12,8
539,123,52.07,7
539,369,53.26,5
539,379,129.3,9
540,415,133.84,1
541,289,116.61,9
541,342,31.27,2
541,452,64.29,4
542,186,16.02,4
543,374,154.7,3
543,341,163.24,9
544,338,184.89,3
544,127,26.7,8
544,146,182.18,8
545,332,184.5,2
545,403,199.56,5
546,378,157.8,5
547,164,59.9,1
548,315,60.27,1
548,86,140.76,7
549,494,139.15,9
550,300,135.46,9
551,448,77.09,4
552,355,108.76,4
552,372,67.28,3
553,98,123.39,8
553,458,156.76,9
553,156,142.75,8
554,472,92.18,3
554,448,109.7,3
554,490,156.76,6
555,52,54.24,5
555,60,52.05,1
555,165,102.15,2
556,177,103.89,3
557,226,14.46,9
558,396,120.57,7
558,238,89.37,7
559,73,119.51,1
559,236,183.82,1
560,495,73.29,3
560,350,30.49,1
561,418,49.24,4
561,176,68.24,3
562,143,174.06,8
563,479,114.32,4
563,367,199.07,9
564,160,64.16,4
564,216,23.06,7
565,320,67.23,1
565,172,198.59,6
566,22,151.19,3
566,387,183.86,9
566,155,123.02,5
567,229,62.32,9
568,495,191.34,2
568,10,53.54,7
569,386,85.45,4
570,441,65.74,9
570,324,132.26,1
571,338,89.42,4
571,258,191.85,4
571,113,193.81,7
572,287,28.41,4
572,35,186.38,3
572,482,161.62,3
573,432,145.34,3
574,433,78.93,5
574,11,139.12,9
575,250,164.03,1
575,135,167.78,6
575,6,163.1,3
576,299,70.8,9
576,199,45.15,4
577,106,113.32,3
577,167,58.3,5
578,6,159.15,5
578,317,18.49,5
578,159,90.83,1
579,60,157.93,4
579,9,25.31,6
579,192,140.53,2
580,210,53.9,2
580,376,34.2,6
580,87,68.5,8
581,132,13.67,5
582,272,129.7,3
583,103,73.25,1
584,367,198.81,4
585,351,28.59,6
585,7,180.03,3
585,94,104.61,3
586,23,32.36,4
586,11,172.66,6
586,157,31.1,9
587,392,132.71,2
587,348,56.59,8
587,497,95.33,6
588,84,118.87,5
588,3,184.74,3
589,372,64.06,6
589,328,83.66,4
589,461,47.92,2
590,180,75.29,7
590,276,33.9,5
590,244,114.14,6
591,95,116.25,4
591,287,128.44,2
591,127,53.77,5
592,284,92.15,6
592,272,17.87,7
592,48,17.65,6
593,24,68.8,2
593,443,102.94,9
593,351,141.67,2
594,468,154.15,1
595,137,86.34,5
596,142,153.57,1
596,295,148.24,3
596,167,130.17,5
597,259,36.91,6
597,299,64.58,6
598,52,111.44,6
598,69,164.65,1
599,295,86.63,3
599,198,193.74,4
600,60,136.43,1
600,448,69.48,8
601,438,116.67,1
601,63,81.26,9
601,367,183.28,1
602,115,19.19,8
602,418,53.49,9
603,89,28.35,7
604,109,163.07,2
604,221,46.31,9
605,214,151.14,1
605,254,116.7,3
606,173,167.74,7
606,143,199.04,3
607,243,39.3,6
607,373,38.58,5
608,197,130.88,2
609,362,16.9,6
609,82,165.31,1
610,208,81.56,8
611,154,85.8,4
611,448,118.69,1
612,165,75.0,2
613,397,67.04,8
613,39,48.94,3
613,188,146.58,8
614,478,156.04,9
615,31,125.54,9
616,355,54.85,2
616,468,142.0,4
617,491,39.99,6
618,340,176.87,8
619,32,94.8,7
620,490,100.41,8
620,357,48.79,7
621,234,126.95,5
621,332,197.16,7
621,8,121.93,8
622,70,133.95,1
622,334,64.81,8
622,447,71.91,4
623,483,47.31,8
623,431,107.77,5
624,33,38.12,9
624,33,127.51,3
624,29,98.41,7
625,13,128.62,3
625,94,23.44,7
626,500,177.97,2
626,75,81.93,7
627,491,49.32,8
628,56,105.15,6
628,330,186.67,5
629,500,141.91,6
629,306,74.62,3
629,20,67.73,9
630,215,135.64,7
630,408,26.87,5
631,31,79.43,3
632,445,100.95,1
633,437,154.5,3
633,270,71.85,1
633,499,160.51,5
634,288,158.71,4
634,187,13.7,4
634,253,46.18,7
635,145,134.14,5
635,275,104.25,1
635,386,15.25,8
636,16,78.33,5
637,161,128.9,6
637,79,198.42,8
638,330,49.31,3
638,263,39.02,9
639,244,79.23,5
640,368,114.67,9
640,196,136.25,2
641,71,78.55,1
641,375,53.4,8
642,208,10.99,6
642,222,44.85,9
643,342,29.01,1
644,180,56.0,8
644,331,71.29,5
645,187,24.96,7
645,462,87.11,1
645,348,41.85,9
646,411,120.46,3
647,27,81.8,1
648,234,131.53,8
648,69,157.47,8
649,316,26.09,6
649,414,82.67,9
649,177,195.78,1
650,349,10.44,3
651,318,97.19,6
651,189,99.09,5
652,400,166.51,7
653,367,65.14,5
654,92,157.45,7
655,425,10.42,9
655,161,103.24,7
655,174,70.67,8
656,114,163.55,5
656,399,86.56,2
656,325,23.28,5
657,346,144.59,2
657,481,12.51,7
657,269,73.54,3
658,173,104.68,6
658,362,150.93,2
658,316,69.48,4
659,427,29.78,9
659,448,166.8,5
659,309,11.87,1
660,398,175.89,2
660,437,30.23,8
660,179,33.88,6
661,121,41.58,1
661,435,38.19,3
662,370,161.01,8
662,454,164.09,5
662,472,42.2,5
663,230,31.38,8
663,117,118.77,2
663,479,142.94,4
664,477,116.22,9
665,183,15.26,8
666,470,155.56,3
666,340,145.7,3
666,345,146.28,7
667,378,49.37,3
667,176,23.35,1
667,88,199.48,4
668,430,100.78,3
669,63,147.99,2
670,267,28.32,9
671,95,105.94,1
672,97,105.78,3
673,470,33.34,7
674,361,76.81,1
675,55,179.38,6
675,351,141.14,4
676,135,149.02,6
676,410,176.87,2
676,6,68.95,9
677,184,160.09,4
677,224,28.34,4
677,48,119.73,8
678,495,111.49,4
679,412,91.93,7
679,346,49.74,7
679,418,91.23,4
680,220,170.41,2
681,401,148.83,8
681,145,93.71,2
682,336,193.84,8
682,223,159.21,4
683,419,18.41,2
683,444,152.64,1
683,70,146.52,7
684,73,19.35,8
684,145,186.05,4
685,231,98.74,5
686,308,55.43,2
686,488,95.16,6
687,93,168.42,9
688,134,57.6,5
688,1,183.68,1
688,212,22.3,1
689,24,26.98,9
690,159,123.87,9
690,245,106.86,5
690,111,137.59,1
691,295,18.25,3
691,169,59.45,7
691,227,143.6,3
692,82,75.44,4
693,128,67.88,8
693,400,165.76,3
693,75,161.25,2
694,275,151.55,8
694,489,129.25,1
694,284,191.34,4
695,308,14.0,8
695,381,39.0,4
696,427,97.38,6
696,487,63.33,1
697,207,65.74,9
698,304,196.26,7
699,338,18.4,1
699,253,14.92,4
699,376,187.68,8
700,170,40.42,6
700,237,18.17,9
701,388,97.12,3
701,497,177.56,7
701,118,68.15,3
702,410,187.13,3
703,217,174.4,5
704,365,63.28,4
704,480,92.73,4
705,216,185.51,4
705,336,33.42,6
705,22,21.76,6
706,61,45.86,4
706,30,52.87,8
707,23,44.08,6
708,25,16.03,1
709,68,146.36,2
709,138,40.77,7
710,39,96.52,1
710,321,32.87,5
711,336,79.45,5
711,493,85.52,4
711,490,183.47,2
712,143,144.01,6
712,70,182.17,4
713,82,102.93,5
713,187,42.17,9
713,362,87.83,6
714,68,122.8,8
715,241,112.84,3
715,212,180.3,6
716,83,122.55,3
716,364,58.76,6
717,178,190.99,7
717,114,43.05,7
717,386,100.52,6
718,136,178.65,4
718,9,144.89,8
718,32,111.72,2
719,125,140.69,6
719,271,93.18,7
719,207,85.39,8
720,405,129.29,6
721,147,150.03,1
721,240,188.12,4
722,164,168.94,4
722,301,192.53,1
723,489,32.02,1
723,360,198.0,1
723,160,48.06,1
724,194,25.37,9
725,219,134.79,2
725,250,137.96,4
726,409,195.03,2
727,295,156.49,4
727,42,84.61,6
727,224,124.02,5
728,185,125.8,8
728,76,155.43,4
728,497,120.41,4
729,60,83.42,7
730,292,139.48,1
731,332,55.62,1
732,242,76.41,7
733,48,23.61,3
734,434,165.08,8
735,242,23.49,6
735,371,66.77,5
735,240,185.87,5
736,371,116.29,8
737,366,51.4,1
738,286,198.65,5
738,485,177.34,7
739,307,22.95,7
739,122,53.75,9
739,395,132.03,8
740,43,47.77,8
740,27,112.06,7
740,204,41.51,6
741,186,137.81,1
741,106,110.93,8
741,456,194.19,1
742,382,35.42,8
743,373,110.84,4
744,225,69.23,2
745,220,126.41,9
746,264,48.62,6
746,440,185.82,7
747,213,93.21,5
748,402,92.04,7
749,75,159.4,8
749,477,182.43,1
750,199,103.86,1
751,57,156.54,5
752,413,37.35,8
752,256,57.96,4
753,145,141.67,7
754,62,186.08,3
755,325,32.27,6
756,198,35.53,5
756,473,195.29,8
756,173,27.33,6
757,311,18.15,4
758,497,111.03,4
759,417,52.64,5
760,111,66.55,2
760,205,127.4,7
760,440,76.74,4
761,450,199.17,1
761,240,53.36,9
762,269,174.4,1
762,410,176.29,1
763,65,93.14,7
764,326,199.49,3
764,77,63.73,3
765,415,27.3,2
766,169,117.77,7
766,402,11.42,7
766,413,100.09,4
767,285,168.99,6
767,12,89.74,3
768,94,48.76,5
768,66,58.57,2
768,105,183.62,6
769,385,135.82,2
769,109,40.65,2
770,179,98.01,2
770,251,126.77,6
770,412,105.98,6
771,185,159.17,2
771,80,11.2,4
771,364,63.4,4
772,181,119.17,8
773,273,112.39,4
774,347,29.78,5
774,78,43.29,5
775,26,153.06,3
775,490,111.61,9
775,408,131.59,7
776,317,165.18,3
776,456,120.93,3
777,404,69.65,6
778,487,109.42,3
778,66,34.77,5
778,108,61.69,2
779,447,134.47,2
780,169,17.81,3
780,325,10.16,9
781,144,178.54,5
781,22,193.22,1
781,276,182.07,4
782,157,50.94,3
783,226,153.38,1
783,139,96.73,7
783,25,23.48,5
784,154,161.05,8
784,182,163.55,2
784,8,147.18,4
785,405,199.34,8
785,356,198.5,8
786,216,44.09,7
787,191,161.13,5
787,447,135.37,7
787,463,148.03,3
788,144,198.27,6
788,133,168.96,1
789,364,84.39,6
790,101,188.12,4
790,223,176.28,4
791,97,144.18,6
792,360,188.02,5
792,491,97.83,8
792,86,145.52,2
793,116,10.78,9
793,386,118.03,3
794,179,147.5,9
795,24,82.77,7
795,65,174.9,6
796,271,102.16,1
796,476,63.68,9
796,206,114.39,4
797,294,182.05,6
797,53,139.67,2
797,355,190.52,7
798,205,95.05,7
799,387,135.11,1
800,115,129.39,9
801,354,55.43,6
801,207,151.47,9
801,402,22.92,8
802,490,119.27,1
802,301,43.82,1
803,200,45.79,3
804,28,196.17,8
804,408,83.06,3
805,100,108.73,6
805,240,136.37,4
805,66,104.68,9
806,72,147.92,4
806,58,14.95,8
807,332,138.57,3
808,186,71.63,9
809,232,177.08,8
810,267,37.25,7
810,9,15.82,3
810,271,21.58,6
811,478,109.22,2
811,96,50.9,9
811,283,153.1,3
812,308,20.55,9
812,426,54.62,9
812,465,167.75,9
813,42,18.67,8
813,248,159.65,4
814,254,31.24,9
815,302,170.12,7
815,352,158.97,7
815,155,51.56,8
816,246,86.37,7
816,102,97.02,7
816,256,84.82,4
817,454,50.1,8
818,78,52.97,7
819,266,141.23,2
820,278,38.8,7
820,3,63.58,1
821,240,21.97,7
821,417,51.44,4
822,69,17.18,1
822,125,142.68,4
822,425,86.84,2
823,263,81.76,2
823,194,102.27,4
824,310,59.65,2
824,375,78.46,9
824,360,122.28,1
825,53,52.66,4
826,63,97.77,8
826,235,119.24,4
827,320,36.24,3
827,376,68.32,8
827,205,114.92,1
828,315,86.24,7
828,430,146.04,2
828,343,53.95,6
829,489,99.44,2
829,77,166.0,9
830,273,37.13,8
830,324,180.04,4
830,215,94.98,6
831,256,101.17,7
832,281,130.82,4
832,134,112.95,6
832,213,166.42,3
833,254,45.46,5
834,267,34.68,6
834,105,60.06,5
835,189,199.58,6
835,346,28.78,4
836,27,110.79,8
836,154,156.94,6
836,223,168.19,3
837,282,191.91,5
837,70,199.08,9
838,284,114.93,2
838,193,55.75,4
839,290,108.78,6
840,259,149.85,1
841,458,100.57,3
841,207,61.74,1
842,446,166.2,2
842,296,167.53,5
843,408,114.62,5
843,492,124.3,9
843,437,107.57,2
844,198,158.61,8
845,35,178.54,4
845,480,10.38,8
846,387,194.99,5
846,357,75.38,3
846,207,85.83,2
847,284,79.86,7
848,156,170.43,1
848,193,149.99,7
848,342,43.99,6
849,491,87.54,2
849,249,10.52,8
850,230,162.59,7
850,274,54.89,8
851,329,25.77,2
851,137,135.55,3
852,302,51.63,4
853,270,114.31,8
854,21,40.63,7
854,113,160.12,3
855,406,196.57,8
855,344,30.42,8
855,130,169.87,8
856,423,103.06,8
856,239,19.77,3
857,313,109.05,7
857,76,101.57,8
858,153,179.37,5
859,350,74.67,8
859,416,153.92,5
859,150,35.14,1
860,221,83.82,9
860,205,112.48,7
860,221,44.49,7
861,489,47.58,6
862,322,56.61,4
862,96,151.13,1
862,439,189.26,2
863,139,34.16,8
863,221,114.11,7
863,49,37.95,3
864,363,20.31,6
864,486,17.5,4
865,278,91.49,1
865,204,90.81,2
865,500,136.2,6
866,133,84.09,4
867,487,53.65,8
867,124,28.3,7
868,109,118.52,5
868,207,51.29,9
869,438,81.66,3
870,484,13.33,7
870,184,57.32,2
870,488,133.69,3
871,427,33.4,8
871,249,135.66,7
872,96,173.48,5
872,44,175.18,3
872,329,39.91,3
873,252,98.79,8
873,407,179.97,2
873,40,148.69,3
874,425,174.61,8
874,35,83.51,1
874,292,104.81,3
875,485,180.07,8
876,437,91.51,8
876,224,137.33,5
876,255,90.67,3
877,188,144.52,2
877,421,126.51,6
878,50,93.9,8
878,19,114.31,2
879,438,123.65,7
880,398,177.02,9
880,311,138.61,1
881,247,145.61,8
881,192,194.29,9
881,186,22.86,9
882,48,45.65,4
882,396,70.44,8
883,236,189.75,2
884,243,53.43,6
884,470,117.37,5
884,193,32.37,7
885,383,61.43,5
885,123,62.46,4
885,170,144.61,1
886,146,30.68,6
887,146,153.83,6
887,254,67.67,5
888,418,149.36,4
888,41,79.65,7
888,228,91.02,1
889,420,33.91,9
889,291,30.3,8
890,348,112.95,5
890,484,131.04,3
890,116,27.5,7
891,33,36.49,3
892,153,16.16,1
892,124,40.86,9
893,10,52.29,4
894,92,141.23,1
895,430,22.39,8
895,411,140.61,1
895,14,87.03,2
896,165,37.16,8
897,299,196.64,6
897,253,105.81,2
898,281,65.9,9
898,305,20.55,8
898,308,69.72,8
899,477,126.37,4
899,497,56.7,7
899,484,118.16,8
900,160,62.87,4
901,161,18.45,3
901,173,88.5,9
901,91,77.76,5
902,137,56.72,7
903,18,110.5,4
903,112,84.03,8
903,151,190.49,5
904,414,128.03,9
904,257,78.05,2
905,495,50.72,2
906,7,136.37,2
906,208,184.82,7
907,150,129.15,4
907,83,167.58,1
908,452,140.0,6
908,118,189.96,3
909,116,87.37,6
909,24,156.82,5
909,315,106.75,1
910,140,19.4,5
910,55,12.52,6
911,321,90.77,4
911,229,135.4,5
912,25,174.02,6
912,453,16.2,7
912,42,188.95,4
913,291,178.1,1
913,195,175.99,1
913,137,132.11,7
914,420,98.67,5
915,491,162.76,9
915,133,49.17,5
915,196,65.54,9
916,421,42.81,5
916,67,199.62,1
916,397,46.51,5
917,320,143.14,1
918,346,97.79,5
919,125,16.33,6
920,281,25.44,3
920,34,186.59,8
921,432,151.46,8
921,433,113.74,4
921,301,49.8,4
922,484,11.21,8
922,313,156.8,4
922,228,69.34,6
923,394,50.67,1
924,176,42.74,7
925,389,163.67,7
925,332,127.92,9
925,361,131.85,5
926,27,185.83,1
927,266,179.44,2
927,346,139.29,2
927,124,192.6,4
928,330,53.5,4
928,413,13.72,4
928,90,185.12,3
929,238,60.22,6
929,325,194.89,4
929,31,52.57,7
930,48,62.91,6
931,418,182.8,4
931,118,164.4,4
931,94,28.5,2
932,222,119.34,5
932,469,39.97,4
933,310,23.62,2
933,249,126.35,5
933,248,24.83,4
934,337,99.66,5
935,352,126.76,9
935,423,188.43,9
935,194,185.04,1
936,322,125.42,4
936,494,105.52,2
937,159,133.57,2
937,298,185.74,6
937,166,198.28,4
938,299,16.29,8
938,2,194.21,1
939,191,162.61,4
939,6,24.25,7
940,143,162.03,2
940,138,135.9,7
940,470,182.09,7
941,68,96.98,3
942,31,105.63,3
942,152,169.09,9
942,338,101.92,2
943,139,110.01,1
943,48,56.43,1
944,440,72.78,2
944,177,64.65,5
944,391,18.68,1
945,327,120.78,3
945,22,170.1,7
945,420,156.36,1
946,236,56.85,2
947,284,121.4,6
947,401,103.18,9
948,295,165.15,6
949,165,77.16,1
950,264,16.95,9
950,15,178.58,8
950,38,137.35,5
951,453,44.55,5
951,288,49.08,6
951,73,85.66,5
952,420,100.51,5
952,328,72.76,3
953,88,107.98,9
953,315,179.57,2
954,441,129.69,3
954,68,80.21,1
955,364,173.48,8
955,466,142.19,2
956,361,122.81,6
957,381,108.14,3
957,310,26.69,1
958,412,122.66,5
958,293,85.67,5
959,485,114.56,9
959,210,33.57,6
959,162,159.37,5
960,425,107.27,4
961,366,167.88,8
961,425,49.29,5
962,212,188.24,3
963,288,119.86,8
963,371,24.38,7
963,87,69.61,4
964,4,196.71,8
965,365,126.53,1
966,1,89.75,8
966,289,183.98,1
967,390,78.64,9
968,233,151.96,2
968,264,37.79,1
969,198,142.46,5
969,144,103.37,5
969,110,90.68,5
970,473,54.01,7
970,235,197.62,9
971,76,33.49,9
971,449,48.66,5
971,251,81.71,1
972,290,34.91,8
972,419,187.71,9
972,33,182.97,5
973,319,93.26,7
973,303,103.56,7
974,185,21.8,5
974,323,169.48,7
975,313,158.29,9
976,32,84.72,5
976,81,100.65,4
977,199,135.28,3
977,11,98.46,2
977,279,61.91,3
978,183,66.52,8
979,143,108.29,7
979,164,198.96,6
980,181,103.09,6
981,68,20.6,9
982,107,188.35,8
982,305,68.13,9
982,436,17.57,9
983,231,23.73,5
983,363,42.52,1
983,59,130.49,3
984,471,79.92,5
984,174,184.29,8
984,46,160.72,4
985,247,70.96,4
985,230,197.36,9
986,378,136.63,7
986,465,13.31,3
986,354,97.99,7
987,149,182.96,1
988,424,66.23,2
988,99,186.1,2
988,171,126.92,1
989,446,120.78,6
990,311,79.51,3
990,353,191.82,7
990,98,91.82,1
991,498,130.53,4
992,305,131.05,7
992,178,132.24,7
993,480,68.15,3
994,342,174.3,6
995,129,122.78,8
995,23,83.8,4
996,64,71.23,2
996,338,31.6,1
997,449,125.95,2
997,294,158.7,1
997,125,90.27,6
998,46,183.98,2
998,48,33.85,8
998,9,102.7,5
999,433,132.06,1
999,42,118.22,5
1000,418,179.0,5
1000,248,139.97,8
1001,86,166.76,4
1001,102,135.8,8
1002,97,75.41,3
1002,465,61.79,6
1002,18,76.49,6
1003,27,87.55,4
1003,262,167.09,7
1003,428,145.08,5
1004,407,167.1,6
1004,197,185.78,5
1005,313,164.81,4
1005,74,192.83,9
1006,214,190.47,8
1007,300,70.98,6
1007,406,84.54,9
1008,320,119.29,3
1008,441,141.2,3
1008,154,98.29,9
1009,400,159.68,8
1009,418,130.08,2
1009,115,123.22,1
1010,473,37.63,7
1010,198,42.55,4
1011,319,69.52,2
1011,199,192.87,7
1011,184,24.48,9
1012,142,192.45,9
1012,476,100.65,9
1013,269,92.83,7
1014,131,170.91,2
1014,85,167.98,4
1014,63,35.46,6
1015,247,164.23,8
1015,257,107.03,2
1015,20,71.39,7
1016,164,30.59,4
1016,343,122.52,3
1017,20,158.26,4
1017,250,178.28,7
1018,124,194.61,4
1018,386,33.41,8
1018,31,85.39,3
1019,238,19.25,2
1019,484,130.79,1
1020,445,178.66,7
1020,205,140.58,9
1020,372,83.85,7
1021,244,154.39,5
1022,192,199.36,2
1023,26,10.21,8
1023,306,167.33,7
1023,18,71.99,6
1024,337,151.94,4
1024,272,55.04,5
1025,282,48.35,4
1025,80,163.82,9
1025,314,155.8,9
1026,425,164.13,7
1026,284,153.89,5
1027,267,28.21,2
1027,265,177.75,8
1027,242,81.75,6
1028,217,51.74,6
1029,149,117.84,4
1030,237,75.71,1
1031,208,144.88,3
1032,223,141.98,8
1032,180,171.52,2
1032,346,198.78,1
1033,485,161.92,2
1034,57,36.89,9
1034,255,154.9,5
1035,138,117.71,1
1036,367,117.0,1
1036,352,74.08,8
1037,164,40.54,1
1038,458,42.88,1
1038,394,20.94,8
1039,273,163.02,1
1040,104,151.35,6
1040,270,172.78,6
1040,482,143.79,8
1041,369,41.88,9
1042,41,149.83,5
1043,354,115.99,9
1043,112,30.65,1
1043,438,181.97,1
1044,108,181.44,6
1045,430,129.29,1
1045,404,89.73,4
1045,379,55.21,1
1046,141,28.54,4
1046,10,163.14,3
1047,42,193.68,9
1047,273,12.67,7
1048,36,101.08,4
1048,326,30.15,5
1048,486,89.52,3
1049,418,120.32,8
1049,36,91.53,2
1049,454,13.27,8
1050,475,197.69,4
1050,94,185.9,2
1050,306,156.75,8
1051,289,86.13,6
1051,252,141.0,5
1051,431,144.86,2
1052,333,74.65,1
1052,420,17.54,4
1052,108,128.24,6
1053,302,190.14,2
1054,261,152.08,2
1055,380,53.32,3
1055,491,115.6,7
1055,262,84.14,3
1056,426,113.84,1
1057,346,147.57,8
1057,346,102.48,3
1057,183,183.34,7
1058,54,141.5,9
1058,4,76.94,1
1059,45,126.34,1
1059,28,96.52,3
1059,346,160.49,1
1060,301,11.42,9
1060,434,121.26,4
1060,170,14.46,2
1061,467,196.07,4
1061,459,106.43,8
1062,444,62.97,6
1062,91,31.03,4
1062,85,74.92,7
1063,225,130.48,7
1063,13,194.85,4
1064,338,27.94,3
1064,94,49.95,5
1065,330,62.62,4
1065,454,155.54,4
1066,195,25.0,9
1066,194,179.94,7
1066,185,51.61,4
1067,100,146.43,1
1067,276,154.5,4
1068,232,179.69,4
1068,149,49.43,1
1069,128,147.42,7
1069,294,77.08,7
1069,268,83.77,3
1070,147,106.58,5
1070,120,34.92,7
1071,291,78.16,1
1071,55,188.69,8
1071,154,44.32,9
1072,83,69.88,7
1072,363,163.38,5
1072,172,57.5,6
1073,430,41.31,2
1073,433,46.2,7
1073,138,197.28,3
1074,245,88.53,2
1074,28,85.23,1
1074,280,153.83,6
1075,258,21.92,6
1076,439,42.21,9
1076,404,146.78,3
1077,379,70.73,3
1077,263,143.32,2
1077,29,14.34,6
1078,93,122.17,1
1078,478,113.41,8
1079,96,37.52,1
1079,337,32.56,6
1080,306,186.35,4
1081,358,105.95,3
1082,112,19.48,8
1083,104,38.23,1
1083,101,137.79,1
1084,172,100.59,2
1084,32,123.56,4
1085,66,97.07,9
1085,251,185.85,7
1085,409,166.8,2
1086,35,196.23,3
1086,382,188.45,1
1087,101,148.45,1
1088,299,19.98,1
1088,204,199.83,9
1089,220,99.93,7
1090,242,21.59,6
1091,480,198.37,4
1092,169,118.37,4
1093,257,97.21,7
1094,196,13.76,4
1095,323,91.4,2
1096,67,44.82,8
1096,302,146.6,1
1097,210,11.49,3
1097,269,111.28,7
1098,360,18.31,2
1098,490,145.82,9
1098,344,191.07,3
1099,263,18.23,8
1099,87,29.59,8
1099,317,107.96,5
1100,128,196.67,1
1100,52,88.18,3
1100,57,126.96,1
1101,207,154.71,4
1102,430,186.3,3
1102,321,43.63,2
1103,125,183.17,9
1103,405,129.02,6
1104,293,163.07,9
1104,97,66.16,3
1105,229,105.02,3
1105,19,49.7,8
1105,435,172.37,4
1106,420,48.87,3
1107,282,114.18,1
1107,351,89.4,7
1108,480,19.42,5
1108,188,88.31,2
1108,16,159.04,9
1109,217,110.5,2
1109,279,67.91,1
1109,323,94.63,9
1110,24,157.11,1
1110,162,136.95,8
1111,374,31.07,3
1111,363,110.94,3
1112,373,47.75,3
1112,457,195.9,3
1113,106,150.34,6
1113,432,25.39,9
1114,316,57.16,5
1114,366,24.84,4
1115,441,80.32,1
1115,464,166.31,7
1115,20,22.68,2
1116,79,41.42,7
1116,295,60.81,2
1117,38,128.58,7
1117,292,195.19,7
1117,268,166.32,7
1118,359,48.18,7
1118,157,144.91,5
1118,228,115.71,9
1119,299,103.41,4
1119,224,182.59,1
1120,174,121.74,1
1120,210,36.07,8
1121,42,41.34,4
1121,335,185.17,2
1121,41,25.24,4
1122,115,36.2,7
1122,420,134.09,7
1123,191,52.62,4
1123,422,166.96,5
1123,224,89.04,7
1124,56,101.66,2
1124,291,34.44,5
1125,239,15.35,2
1126,288,154.25,6
1126,468,24.06,4
1127,404,131.63,3
1127,314,112.13,3
1128,102,108.51,3
1129,24,66.94,9
1130,77,153.65,1
1130,239,86.12,2
1131,81,38.74,6
1131,354,20.65,5
1132,440,75.08,1
1133,31,125.53,7
1133,92,51.86,3
1133,231,151.02,6
1134,388,30.66,8
1135,343,99.67,3
1135,386,111.97,2
1136,15,165.99,2
1137,412,32.41,9
1138,129,10.32,6
1138,236,111.4,7
1139,10,38.64,4
1140,292,118.62,9
1140,335,16.25,4
1140,33,103.23,9
1141,187,84.24,4
1142,155,39.69,5
1143,269,98.89,3
1144,309,100.66,9
1145,442,22.9,5
1145,174,138.61,4
1145,335,183.6,6
1146,20,126.55,2
1146,94,129.17,7
1147,500,152.2,6
1147,375,187.85,3
1148,380,196.67,8
1148,338,103.61,1
1149,71,189.55,1
1149,240,78.26,9
1150,162,148.25,8
1150,206,187.99,5
1151,215,13.08,6
1151,300,184.9,2
1152,257,178.16,1
1152,58,49.04,9
1153,151,87.85,5
1153,239,33.35,5
1153,271,151.97,9
1154,357,157.71,1
1155,70,177.38,8
1156,267,93.88,6
1156,68,129.71,2
1157,5,170.29,4
1157,181,27.74,2
1158,61,32.64,5
1159,309,165.38,2
1160,448,93.97,2
1161,223,162.55,7
1161,390,10.03,7
1161,12,31.86,2
1162,61,79.99,4
1162,142,85.55,8
1163,141,168.41,5
1163,392,106.86,4
1164,313,184.41,7
1164,390,90.69,6
1165,314,22.72,4
1165,395,97.01,6
1165,415,88.09,5
1166,388,114.4,2
1167,227,131.57,7
1167,379,21.19,4
1168,318,127.33,9
1169,130,35.13,7
1169,300,92.04,2
1170,401,179.54,5
1171,424,35.43,2
1171,402,49.66,7
1171,53,90.37,7
1172,495,21.47,6
1172,437,64.39,7
1173,123,24.72,5
1173,369,100.64,7
1174,8,118.94,1
1175,147,152.36,7
1175,406,185.42,6
1176,151,93.15,2
1176,287,129.28,9
1176,325,21.41,8
1177,352,100.31,9
1178,388,175.3,9
1178,178,122.53,8
1179,241,81.27,3
1180,138,26.96,6
1181,138,104.73,2
1181,163,184.55,9
1182,231,24.04,2
1183,248,110.87,3
1184,351,91.0,4
1185,77,154.3,4
1185,433,38.72,8
1185,434,42.53,3
1186,137,146.04,9
1186,384,139.19,5
1186,239,108.36,9
1187,25,10.87,4
1187,165,172.58,6
1187,120,197.61,5
1188,266,136.81,4
1188,7,187.31,5
1189,265,153.98,4
1190,249,139.99,4
1190,82,76.74,7
1191,330,25.14,9
1191,442,16.11,6
1192,379,95.61,9
1192,130,97.31,9
1192,165,83.38,9
1193,1,15.69,9
1193,59,47.88,9
1193,298,35.94,1
1194,207,12.42,4
1195,55,127.64,6
1195,476,28.8,4
1196,27,38.19,7
1196,163,28.83,7
1197,198,155.29,6
1198,127,177.84,1
1198,8,32.57,1
1198,243,126.98,6
1199,211,127.74,1
1199,249,63.45,1
1199,400,121.82,9
1200,158,92.32,8
1200,231,30.45,8
1200,209,192.07,5
1201,318,138.94,2
1201,51,191.25,3
1201,260,38.69,2
1202,178,160.89,4
1203,454,89.92,5
1204,486,186.64,3
1205,91,140.53,1
1206,163,37.96,2
1207,354,16.17,2
1207,217,33.87,5
1207,438,145.41,8
1208,299,12.0,2
1208,163,100.87,7
1208,203,115.08,6
1209,323,164.33,5
1209,66,94.85,2
1210,449,11.04,3
1210,428,51.57,9
1210,268,19.04,6
1211,375,196.38,6
1211,328,131.3,5
1212,420,10.36,2
1212,146,17.32,3
1212,361,52.85,7
1213,457,157.98,7
1213,38,85.81,3
1213,289,106.02,6
1214,194,175.78,2
1215,106,179.34,7
1215,5,91.29,1
1215,239,154.43,7
1216,210,54.49,3
1216,477,43.29,7
1217,444,195.5,9
1218,352,131.26,7
1219,210,134.88,3
1219,165,176.79,5
1219,449,15.14,3
1220,238,64.32,5
1221,84,146.64,8
1221,282,96.38,9
1222,30,189.15,1
1222,256,95.61,5
1223,264,34.14,6
1223,91,182.39,6
1224,391,10.97,2
1224,160,154.17,7
1225,444,11.58,7
1226,494,98.01,8
1226,68,49.05,6
1227,261,190.82,2
1227,258,85.38,4
1228,77,15.88,6
1228,500,157.59,5
1229,137,70.15,8
1229,320,131.5,1
1229,290,86.99,5
1230,162,93.32,4
1230,376,60.12,7
1230,30,159.78,2
1231,414,98.11,3
1232,215,17.53,9
1232,320,189.51,4
1233,410,104.41,5
1234,94,102.33,1
1234,57,75.83,6
1234,196,130.68,7
1235,363,86.29,9
1235,348,152.4,4
1235,297,176.55,1
1236,245,103.05,3
1237,109,133.98,6
1237,270,66.15,2
1237,91,128.83,9
1238,173,130.7,9
1238,25,107.28,4
1239,355,40.37,9
1239,177,147.81,4
1239,154,70.74,1
1240,189,83.76,7
1240,422,171.79,1
1241,32,139.41,5
1241,16,25.71,5
1241,215,117.42,1
1242,482,26.51,9
1242,140,132.64,1
1242,487,84.98,7
1243,487,164.47,6
1244,146,158.23,9
1244,285,199.94,5
1244,300,66.84,6
1245,128,43.26,5
1246,277,45.21,8
1246,365,123.79,8
1247,37,73.56,3
1248,265,182.3,5
1248,304,25.08,6
1248,262,155.32,9
1249,31,103.05,7
1249,189,131.11,3
1250,436,121.69,2
1251,176,110.75,3
1252,308,142.69,3
1253,3,113.68,1
1254,213,185.27,4
1254,345,114.82,5
1254,493,184.74,4
1255,398,163.2,6
1255,191,171.03,8
1256,340,180.48,5
1257,34,48.49,7
1258,295,75.09,6
1259,477,180.88,6
1259,81,38.35,2
1259,276,103.13,4
1260,165,29.9,3
1260,272,38.98,1
1260,166,121.89,1
1261,119,85.26,7
1262,359,90.5,8
1263,267,106.54,7
1263,234,135.54,8
1264,308,104.87,1
1264,148,74.94,7
1265,182,46.63,7
1265,426,98.25,7
1265,379,81.36,1
1266,491,164.93,2
1267,266,12.91,5
1267,462,118.38,5
1267,74,127.51,7
1268,158,197.7,6
1269,66,178.22,1
1269,380,108.34,3
1270,374,64.82,6
1270,312,11.94,7
1271,84,55.75,5
1271,97,171.01,3
1271,419,194.92,4
1272,59,143.2,6
1272,159,124.73,2
1272,438,125.18,7
1273,293,133.48,1
1273,411,10.34,3
1273,169,80.29,5
1274,129,72.56,6
1274,402,195.81,1
1275,315,10.14,6
1276,480,149.91,8
1277,472,87.0,5
1277,33,22.3,1
1277,18,78.58,4
1278,456,34.29,1
1279,264,17.1,8
1280,375,139.86,5
1280,438,14.69,9
1280,145,12.27,6
1281,128,90.94,7
1281,363,34.81,7
1282,31,94.76,9
1282,287,79.55,2
1282,419,29.43,3
1283,410,131.54,6
1283,339,133.45,2
1283,202,132.49,6
1284,467,174.28,9
1284,149,11.29,1
1284,186,15.27,1
1285,205,109.4,3
1286,272,98.54,1
1286,214,198.21,1
1286,171,77.93,9
1287,167,83.93,8
1287,406,168.78,4
1287,140,128.39,1
1288,243,23.5,1
1288,326,20.96,1
1289,86,110.42,1
1289,119,85.39,3
1290,471,149.73,8
1290,108,129.33,3
1290,475,10.06,9
1291,402,13.21,3
1291,457,169.55,1
1292,274,41.27,7
1292,150,118.22,3
1292,308,188.69,5
1293,259,193.66,4
1293,59,170.41,5
1294,496,178.9,1
1294,443,181.96,3
1294,49,24.55,7
1295,497,172.88,8
1295,42,88.99,2
1296,286,18.11,8
1297,218,111.3,1
1297,468,32.17,7
1298,353,25.03,6
1298,77,98.84,3
1299,50,69.81,8
1299,176,177.45,6
1299,118,69.96,7
1300,39,166.29,4
1300,301,10.93,6
1301,82,190.35,2
1301,384,20.32,9
1302,158,59.95,5
1303,325,14.73,9
1303,407,192.28,1
1303,207,19.82,3
1304,165,76.31,3
1305,178,136.13,8
1305,465,71.18,6
1305,80,11.42,1
1306,416,55.71,8
1306,402,145.79,3
1306,65,81.87,4
1307,16,165.85,7
1307,451,150.41,9
1307,350,121.34,3
1308,360,27.95,1
1308,430,196.58,5
1309,187,108.93,2
1309,291,59.43,9
1309,383,124.41,9
1310,78,144.29,2
1311,435,98.83,6
1311,124,131.95,6
1312,223,30.53,1
1312,452,176.07,5
1312,354,139.34,3
1313,311,156.87,6
1313,117,31.61,7
1313,228,108.67,6
1314,316,141.59,6
1314,125,109.23,1
1315,404,28.85,6
1316,5,21.53,5
1317,204,127.04,4
1317,179,161.41,8
1318,422,199.36,3
1318,79,117.96,9
1319,176,53.6,6
1319,461,86.96,7
1320,359,30.26,7
1320,171,88.64,9
1321,306,169.63,9
1321,29,84.14,4
1322,85,19.83,4
1322,225,41.52,1
1322,364,137.24,3
1323,391,141.33,5
1324,125,47.63,3
1324,463,163.93,2
1325,241,63.36,8
1325,230,115.59,6
1325,441,68.46,2
1326,313,141.69,4
1326,174,81.38,8
1327,259,154.74,5
1328,437,101.85,2
1329,330,131.65,7
1330,28,185.95,6
1331,368,92.72,4
1331,350,114.62,4
1331,291,45.93,7
1332,390,141.75,3
1333,313,50.41,6
1333,281,141.09,8
1334,171,185.4,5
1335,46,188.85,1
1335,203,162.35,9
1335,494,112.44,3
1336,13,169.07,7
1337,5,96.97,7
1337,247,81.61,5
1338,226,143.44,9
1338,101,49.39,9
1338,165,24.11,5
1339,94,79.55,7
1339,167,74.72,5
1339,331,32.9,6
1340,43,172.37,6
1340,292,136.95,8
1341,355,14.9,6
1342,59,112.63,4
1343,205,39.22,5
1344,22,107.13,6
1345,71,156.54,7
1346,480,88.48,4
1347,141,123.4,3
1348,299,113.82,6
1348,195,119.75,7
1348,436,100.84,4
1349,152,41.74,5
1350,409,55.91,1
1351,384,179.87,2
1352,331,150.26,7
1352,242,196.74,6
1353,204,20.28,6
1354,55,70.15,6
1354,105,192.26,9
1354,438,93.48,5
1355,453,124.82,7
1356,227,118.25,2
1356,82,36.73,4
1356,69,148.91,1
1357,155,21.08,5
1357,41,112.21,7
1358,264,115.0,7
1358,131,48.35,2
1359,99,152.58,5
1359,98,180.27,1
1359,172,196.02,1
1360,469,15.1,1
1360,286,68.85,1
1360,237,185.72,6
1361,323,19.6,6
1361,463,61.68,5
1362,242,111.34,4
1362,372,150.64,1
1362,203,53.33,7
1363,205,67.07,1
1364,475,46.96,1
1364,303,94.18,2
1365,424,105.83,4
1365,369,180.85,6
1366,310,156.44,8
1366,15,145.92,5
1366,159,118.81,9
1367,452,72.43,8
1368,207,23.31,2
1369,491,59.17,8
1369,242,46.99,2
1370,406,53.3,7
1370,421,53.09,3
1370,70,91.8,8
1371,425,82.34,4
1372,242,74.04,8
1373,109,177.44,6
1373,145,48.52,9
1373,255,41.09,6
1374,264,24.44,2
1374,469,185.72,6
1374,148,46.93,1
1375,259,118.73,6
1375,317,81.01,9
1376,161,115.51,7
1377,100,132.09,5
1377,147,169.61,2
1378,52,106.38,3
1378,48,72.18,5
1379,378,44.41,1
1379,62,125.3,8
1379,402,35.08,9
1380,323,172.6,5
1381,183,15.28,7
1381,266,170.61,6
1381,171,51.66,9
1382,327,102.69,2
1382,22,148.8,8
1382,434,158.99,5
1383,302,86.34,8
1383,264,104.9,4
1384,470,15.62,1
1385,74,75.36,2
1385,112,59.7,1
1385,218,84.11,9
1386,403,67.17,5
1386,445,40.35,1
1387,200,188.93,8
1388,463,91.56,8
1388,261,131.18,7
1388,114,186.08,3
1389,477,118.77,6
1390,212,34.13,1
1390,202,159.83,4
1391,220,157.19,8
1391,149,86.88,3
1392,451,112.48,4
1392,270,90.73,9
1392,446,52.61,7
1393,375,154.96,7
1393,225,151.44,8
1394,144,132.94,1
1394,123,96.57,2
1395,179,98.31,2
1395,54,66.7,9
1396,326,60.49,2
1397,205,171.3,2
1397,171,173.28,9
1397,422,12.92,6
1398,134,146.73,7
1398,309,72.69,3
1398,113,184.68,3
1399,61,56.0,9
1399,316,73.73,7
1400,287,151.99,6
1400,136,24.08,1
1401,213,144.53,8
1402,340,138.19,6
1402,291,67.76,7
1402,27,145.43,9
1403,296,181.56,3
1404,460,162.75,1
1404,83,108.39,9
1404,146,35.16,2
1405,384,179.54,3
1405,193,103.05,7
1405,111,87.5,4
1406,190,114.07,6
1407,55,50.57,1
1408,133,73.88,4
1408,465,149.75,9
1409,491,117.06,3
1409,57,154.83,9
1409,218,154.77,4
1410,226,153.18,5
1410,413,37.4,6
1411,379,133.54,5
1411,367,101.23,5
1411,227,21.8,9
1412,402,168.66,3
1412,136,51.75,8
1413,172,12.46,3
1413,193,132.25,9
1414,306,42.7,3
1414,457,21.72,6
1414,469,187.42,2
1415,2,38.21,9
1415,230,108.81,2
1416,156,79.79,1
1417,172,18.5,1
1418,315,69.73,1
1418,272,76.59,8
1419,437,103.75,7
1419,10,144.28,4
1419,281,200.0,1
1420,457,108.53,1
1420,365,189.12,6
1420,90,110.22,7
1421,243,122.8,6
1421,484,36.42,8
1421,175,118.46,4
1422,476,59.51,2
1422,355,62.07,4
1423,46,92.44,1
1424,66,134.21,9
1424,439,127.29,4
1425,201,68.19,7
1426,208,15.46,6
1426,153,56.37,9
1427,126,96.04,8
1427,118,182.81,1
1428,9,125.97,1
1428,402,176.73,8
1428,122,122.87,2
1429,296,94.2,8
1430,85,72.43,7
1430,7,194.32,6
1431,229,100.87,5
1432,303,78.26,5
1432,467,182.47,6
1433,155,164.25,4
1434,241,121.86,7
1434,80,117.55,1
1435,8,104.5,1
1436,386,28.3,5
1436,285,140.62,7
1436,273,81.35,7
1437,158,13.23,1
1438,333,147.95,5
1438,354,34.57,6
1439,130,161.6,8
1440,499,59.32,6
1440,158,121.42,3
1441,175,118.26,1
1441,95,43.61,3
1441,466,93.42,5
1442,370,165.62,7
1442,390,194.68,1
1442,406,13.45,8
1443,390,37.86,9
1443,89,127.31,7
1444,490,10.48,7
1445,400,154.02,4
1445,311,120.77,8
1446,488,137.84,6
1447,492,128.61,8
1448,361,123.81,2
1448,302,29.46,2
1448,88,54.69,4
1449,48,98.14,2
1449,470,73.53,5
1450,43,158.78,7
1451,151,138.3,6
1452,233,69.18,3
1453,33,190.71,2
1453,458,132.41,2
1454,361,170.86,7
1454,221,181.87,8
1455,60,47.55,8
1456,304,85.57,7
1457,366,21.58,6
1458,157,38.09,4
1458,139,121.62,7
1458,278,108.26,9
1459,204,93.13,9
1459,378,146.22,7
1459,404,60.52,8
1460,336,88.74,8
1461,138,188.26,6
1462,25,117.75,5
1462,306,139.47,8
1462,307,151.64,9
1463,437,94.88,6
1464,468,91.85,4
1464,271,99.34,6
1465,357,173.78,1
1465,288,79.09,5
1466,455,178.2,8
1466,358,17.77,2
1466,286,58.04,4
1467,229,180.5,8
1468,422,187.23,5
1468,125,49.46,6
1469,174,51.26,1
1470,477,153.31,6
1470,81,78.68,7
1470,59,49.07,8
1471,262,53.17,7
1472,83,67.8,1
1473,178,168.27,9
1474,210,96.71,3
1474,162,34.15,9
1475,475,80.59,8
1475,472,71.4,2
1476,107,24.46,4
1476,307,166.43,9
1476,17,148.96,6
1477,86,92.76,2
1478,302,143.29,1
1479,429,74.35,5
1479,150,187.81,4
1479,432,105.15,2
1480,283,31.13,2
1480,47,100.28,6
1481,371,78.42,7
1481,492,16.48,5
1482,219,76.44,6
1482,261,195.5,8
1483,39,59.33,7
1484,334,147.56,1
1484,74,39.29,1
1485,327,42.17,6
1485,292,66.33,3
1485,13,12.78,9
1486,134,101.89,8
1486,480,194.27,2
1487,57,63.49,9
1488,285,137.27,2
1489,211,170.41,5
1490,447,188.5,6
1491,218,14.81,2
1491,477,170.57,6
1492,228,25.47,5
1492,365,69.54,6
1493,16,151.1,2
1493,352,79.97,6
1493,432,20.74,1
1494,292,151.22,5
1495,255,115.79,3
1495,221,98.4,1
1496,96,88.58,4
1496,140,129.35,3
1497,154,184.24,6
1498,19,89.89,1
1498,97,83.65,7
1499,61,78.64,8
1499,484,47.85,4
1500,91,168.23,6
